id,gmt_modified,gmt_create,supplier_id,host,url,title,product_main_image,product_image_list,price,min_price,max_price,price_type,currency,pricing_unit,moq,cate_info_ai,keyword_ai,task_id,description,status,reason,main_image_object_key,image_list_object_key,final_state,page_record_id
6699,2025-12-03 08:36:59,2025-12-03 08:36:52,b7852a64-6831-4ec0-b515-cf233571cd35,www.giroudon.fr,https://www.giroudon.fr/prod-scies-a-format-i2qumndbviuuhhnaxe2e.html,"ALTENDORF F45 sliding table saw 
",https://www.giroudon.fr/site/img/marques/ALTENDORF.jpg,,,,,sku_price,,,1,"[{""catId"":600878,""catPath"":""Machine tools and equipment => Sawing Machines => Circular Saws"",""catUrl"":""https://vtyler.alibaba.com/vtyler/index.htm?categoryId=600878""}]","{""keywords"":{""3"":""scie à format polyvalente"",""1"":""scie à format ALTENDORF F45"",""2"":""scie à format reconditionnée""},""keywords_english"":{""3"":""multifunctional sliding table saw"",""1"":""ALTENDORF F45 sliding table saw"",""2"":""overhauled sliding table saw""}}",324,"
 
 ALTENDORF F45 sliding table saw 
 
 second-hand ALTENDORF sliding table saw type F45, overhauled. The F45 has become an ALTENDORF legend. a multifunctional, reliable and comfortable sliding table saw, it will enable you to produce a wide range of products. 
 
 
 
 GRIGGIO SC3200 E sliding table saw 
 
 GRIGGIO sliding table saw 3200 
 
 
 
 ALTENDORF F90 sliding table saw (POSIT version) 
 
 The ALTENDORF F90 sliding-table saw in the POSIT version brings digital precision to the standard version. The programme saves time on repetitive cuts. This version combines the precision of electronic programming with the mechanical reliability we've come to expect from Altendorf. The rip fence moves by means of ballscrews. 
 
 
 
",COMPLETE,,,,1,307442
6701,2025-12-03 08:37:03,2025-12-03 08:36:56,b7852a64-6831-4ec0-b515-cf233571cd35,www.giroudon.fr,https://www.giroudon.fr/prod-frame-orma-su-metodo-30-20-a1o3lptabo2j3b683djp.html,"Frame ORMA SU/METODO 30/20 
",https://www.giroudon.fr/site/img/products/bk_A1O3LpTaBO2j3B683DJp-1-med.jpg,"[""https://www.giroudon.fr/site/img/products/bk_A1O3LpTaBO2j3B683DJp-1-thb.jpg"",""https://www.giroudon.fr/site/img/products/bk_A1O3LpTaBO2j3B683DJp-2-thb.jpg"",""https://www.giroudon.fr/site/img/products/bk_A1O3LpTaBO2j3B683DJp-3-thb.jpg"",""https://www.giroudon.fr/site/img/products/bk_A1O3LpTaBO2j3B683DJp-4-thb.jpg"",""https://www.giroudon.fr/site/img/products/bk_A1O3LpTaBO2j3B683DJp-5-thb.jpg""]",,,,sku_price,,,1,"[{""catId"":611155,""catPath"":""Machine parts => Machine Frames"",""catUrl"":""https://vtyler.alibaba.com/vtyler/index.htm?categoryId=611155""}]","{""keywords_english"":{""3"":""reconditioned"",""2"":""hydraulic frame machine"",""1"":""ORMA SU/METODO 30/20""},""keywords"":{""3"":""reconditioned"",""2"":""hydraulic frame machine"",""1"":""ORMA SU/METODO 30/20""}}",324,"The ORMA SU/METODO 30/20 is a reconditioned hydraulic frame machine with a large capacity. It features a 1.5 kW motor and two vertical cylinders for the movement of the upper beam, with a positionable lower beam. Additionally, there are two horizontal cylinders for the movable shoes, with two more being manually positioned on the beams. Electric controls are provided for various movements. 
",COMPLETE,,,,1,307253
6703,2025-12-03 08:37:12,2025-12-03 08:37:06,b7852a64-6831-4ec0-b515-cf233571cd35,www.giroudon.fr,https://www.giroudon.fr/prod-grugeuses-5e2c6gs0di8hif7i0373.html,"End milling FOM JET PN 
",https://www.giroudon.fr/site/img/marques/FOMINDUSTRIE.jpg,,,,,sku_price,,,1,"[{""catId"":600754,""catPath"":""Machine tools and equipment => Milling Machines => Milling Machines (Other)"",""catUrl"":""https://vtyler.alibaba.com/vtyler/index.htm?categoryId=600754""}]","{""keywords_english"":{""3"":""second hand end milling EISELE"",""2"":""automatic end milling KABAN"",""1"":""end milling FOM""},""keywords"":{""3"":""second hand end milling EISELE"",""2"":""automatic end milling KABAN"",""1"":""end milling FOM""}}",324,"classic end milling FOM, new version 
 Automatic end milling KABAN CF3060 
 Small used end milling machine KABAN with 180 cutter 
 Small classic end milling 
 Revised FOM MISTRAL 26 A end milling available from Giroudon 
 second hand end milling EISELE aivalable at Giroudon 
",COMPLETE,,,,1,307431
6704,2025-12-03 08:37:16,2025-12-03 08:37:09,b7852a64-6831-4ec0-b515-cf233571cd35,www.giroudon.fr,https://www.giroudon.fr/prod-various-metal-machinery-ouk5vx0760pow2or9b31.html,"DAVI 4m Roller 
",https://www.giroudon.fr/site/img/marques/DAVI.jpg,,,,,sku_price,,,1,"[{""catId"":601086,""catPath"":""Machine tools and equipment => Rolling Machines"",""catUrl"":""https://vtyler.alibaba.com/vtyler/index.htm?categoryId=601086""}]","{""keywords_english"":{""3"":""metal machine"",""2"":""4m roller"",""1"":""DAVI rolling machine""},""keywords"":{""3"":""Machine à métal"",""2"":""Laminoir 4m"",""1"":""Machine à rouler DAVI""}}",324,"Giroudon> Second-hand metal machines > Various metal machinery 
 Presse ARMECA 10 t 
 9025 
 small hydraulic press 
 En savoir plus 
 DAVI WHEELING MACHINE 
 UGS : 8418 
 site/img/marques/DAVI.jpg 
 Owned DAVI 4m Roller 
 En savoir plus 
",COMPLETE,,,,1,307114
6705,2025-12-03 08:37:21,2025-12-03 08:37:13,b7852a64-6831-4ec0-b515-cf233571cd35,www.giroudon.fr,https://www.giroudon.fr/prod-perceuse-opti-d33-pro-yc1xoxqj6dv8esszm389.html,"Perceuse OPTI D33 PRO 
",https://www.giroudon.fr/site/img/products/bk_yC1xOxQJ6DV8ESSZM389-1-med.jpg,"[""https://www.giroudon.fr/site/img/products/bk_yC1xOxQJ6DV8ESSZM389-1-thb.jpg"",""https://www.giroudon.fr/site/img/products/bk_yC1xOxQJ6DV8ESSZM389-2-thb.jpg"",""https://www.giroudon.fr/site/img/products/bk_yC1xOxQJ6DV8ESSZM389-3-thb.jpg""]",,,,sku_price,,,1,"[{""catId"":601034,""catPath"":""Machine tools and equipment => Drilling Machines => Pillar Drilling Machines"",""catUrl"":""https://vtyler.alibaba.com/vtyler/index.htm?categoryId=601034""}]","{""keywords"":{""3"":""SIDERMECA perceuse colonne"",""1"":""perceuse atelier OPTI"",""2"":""OPTI D33 PRO""},""keywords_english"":{""3"":""SIDERMECA drill press"",""1"":""workshop drill OPTI"",""2"":""OPTI D33 PRO""}}",324,"OPTI D33 PRO workshop drilling machine, very recent second hand. 
 Interested in this product ? 
 Ask for a free estimate 
 Product in my quote 
 Average response time: 5 days. If urgent: specify it in the quote form. 
 SIDERMECA drill press 
 9027 
 second-hand drill press capacity 25 
 En savoir plus 
 9066 
 En savoir plus 
",COMPLETE,,,,1,307306
6706,2025-12-03 08:37:23,2025-12-03 08:37:13,b7852a64-6831-4ec0-b515-cf233571cd35,www.giroudon.fr,https://www.giroudon.fr/prod-pouwels-def-50-evolution-staircase-router-xzka2qgcrmh8mm8b3ll6.html,"POUWELS DEF 50 EVOLUTION staircase router 
",https://www.giroudon.fr/site/img/products/bk_xZKA2qgcrmh8Mm8b3lL6-1-med.jpg,"[""https://www.giroudon.fr/site/img/products/bk_xZKA2qgcrmh8Mm8b3lL6-1-thb.jpg"",""https://www.giroudon.fr/site/img/products/bk_xZKA2qgcrmh8Mm8b3lL6-2-thb.jpg"",""https://www.giroudon.fr/site/img/products/bk_xZKA2qgcrmh8Mm8b3lL6-3-thb.jpg"",""https://www.giroudon.fr/site/img/products/bk_xZKA2qgcrmh8Mm8b3lL6-4-thb.jpg"",""https://www.giroudon.fr/site/img/products/bk_xZKA2qgcrmh8Mm8b3lL6-5-thb.jpg""]",,,,sku_price,,,1,"[{""catId"":615109,""catPath"":""Tools and production supplies => Hand Tools => Trowels => Bricklayer's Trowels"",""catUrl"":""https://vtyler.alibaba.com/vtyler/index.htm?categoryId=615109""}]","{""keywords_english"":{""3"":""manual router"",""2"":""staircase router"",""1"":""POUWELS DEF50 Evolution""},""keywords"":{""3"":""manual router"",""2"":""staircase router"",""1"":""POUWELS DEF50 Evolution""}}",324,"The Pouwels brand is a recognised brand among carpenters who make staircases and door and window manufacturers. 
 The POUWELS DEF50 Evolution router is a manual router designed for routing in straight and curved stringers. It has longitudinal and lateral precision guides with high-precision shoes sliding on these rails. 2 different positions can be locked on these movements by means of stops to achieve the step and counter-step to be machined. 
",COMPLETE,,,,1,307169
6707,2025-12-03 08:37:21,2025-12-03 08:37:14,b7852a64-6831-4ec0-b515-cf233571cd35,www.giroudon.fr,https://www.giroudon.fr/prod-machines-a-bois-d-occasion-ajdxgj5x6zoviuyzbjog.html,"Second-hand woodworking machines 
",https://www.giroudon.fr/site/img/products/bk_AJdXgj5x6ZOviuyZbJog-1-med.jpg,,,,,sku_price,,,1,"[{""catId"":600708,""catPath"":""Machine tools and equipment => Machine Tools => Woodworking Machinery"",""catUrl"":""https://vtyler.alibaba.com/vtyler/index.htm?categoryId=600708""}]","{""keywords"":{""3"":""GIROUDON"",""1"":""machines à bois d'occasion"",""2"":""machines ALU et PVC""},""keywords_english"":{""3"":""GIROUDON"",""1"":""second-hand woodworking machines"",""2"":""ALU and PVC machines""}}",324,"GIROUDON sells second-hand ALU and PVC machines for the manufacture of carpentry, gates, verandas, pergolas: … 5000 m2 of stock are reserved for the exhibition of our equipment, mainly resulting from the divestment of our carpenter customers. 
 These used machines can be sold as they are or completely overhauled in our workshop (electricity, mechanics, pneumatics, paint), depending on your needs. They are perfect for a first installation or the replacement of a defective machine. 
 The vast majority of woodworking machines presented in this section are in stock. The latter is visible in our Permanent Exhibition in Roanne. 
 Follow the categories listed below to access full descriptions of our used machines. Do you have a particular need? Do not hesitate to ask us questions or come and visit us. We will be happy to guide you according to your needs. 
",COMPLETE,,,,1,307425
6709,2025-12-03 08:37:29,2025-12-03 08:37:21,b7852a64-6831-4ec0-b515-cf233571cd35,www.giroudon.fr,https://www.giroudon.fr/prod-ponceuses-sbz0nrotn822l0lp6abu.html,"BUTFERING SGO 211 RK 
",https://www.giroudon.fr/site/img/marques/HOMAG.jpg,,,,,sku_price,,,1,"[{""catId"":600985,""catPath"":""Machine tools and equipment => Grinding Machines => Belt Grinding Machines"",""catUrl"":""https://vtyler.alibaba.com/vtyler/index.htm?categoryId=600985""}]","{""keywords_english"":{""3"":""HOMAG group"",""2"":""wide sander"",""1"":""BUTFERING SGO 211 RK""},""keywords"":{""3"":""HOMAG group"",""2"":""wide sander"",""1"":""BUTFERING SGO 211 RK""}}",324,"Sanding machine BUTFERING SGO 211 RK 
 1100 mm wide sander with 2 belts. The BUTFERING brand is part of the internationally renowned HOMAG group. This used wide sander has high calibration power capabilities. 
 second-hand MINIMAX L55 long belt saw, length 2.5 m 
 Classical SCM wide sander overhauled by our workshop and available from your dealer 
 MEBER 3 m long belt sander available from your retailer 
 sanding machine VIET , width : 1100 mm, 1 roller 
",COMPLETE,,,,1,307394
6710,2025-12-03 08:37:27,2025-12-03 08:37:21,b7852a64-6831-4ec0-b515-cf233571cd35,www.giroudon.fr,https://www.giroudon.fr/prod-scm-type-tech-90-super-cnc-router-mgsgte0ta9vgpzryvgji.html,"SCM type TECH 90 SUPER CNC router 
",https://www.giroudon.fr/site/img/products/bk_MgSgTe0TA9VgpZrYVGJi-1-med.jpg,"[""https://www.giroudon.fr/site/img/products/bk_MgSgTe0TA9VgpZrYVGJi-1-thb.jpg"",""https://www.giroudon.fr/site/img/marques/SCM.jpg""]",,,,sku_price,,,1,"[{""catId"":600737,""catPath"":""Machine tools and equipment => CNC Machines => Special CNC Machines"",""catUrl"":""https://vtyler.alibaba.com/vtyler/index.htm?categoryId=600737""}]","{""keywords_english"":{""3"":""vertical drilling group"",""2"":""CNC router"",""1"":""drilling machine""},""keywords"":{""3"":""vertikalbohrgruppe"",""2"":""cnc-fräse"",""1"":""bohrmaschine""}}",324,"Point by point drilling machine, 
 1 routing head 
 Vertical drilling group (9 independent spindles), 
 3 horizontal spindles and a grooving/sawing blade 
 Table: 2150 X 800 mm, 
 Travel in x: 2150 mm, y: 900 mm, z: 100 mm, 
 Motor: 4 HP, 16,000 rpm, 
 Maximum panel thickness: 55 mm 
",COMPLETE,,,,1,307165
6711,2025-12-03 08:37:30,2025-12-03 08:37:22,b7852a64-6831-4ec0-b515-cf233571cd35,www.giroudon.fr,https://www.giroudon.fr/prod-sanding-machine-butfering-sgo-211-rk-4z3s7z3x3r45z7lbhttv.html,"Sanding machine BUTFERING SGO 211 RK 
",https://www.giroudon.fr/site/img/products/bk_4z3S7z3X3R45Z7LbHtTv-1-med.jpg,"[""https://www.giroudon.fr/site/img/products/bk_4z3S7z3X3R45Z7LbHtTv-1-thb.jpg"",""https://www.giroudon.fr/site/img/products/bk_4z3S7z3X3R45Z7LbHtTv-2-thb.jpg"",""https://www.giroudon.fr/site/img/products/bk_4z3S7z3X3R45Z7LbHtTv-3-thb.jpg"",""https://www.giroudon.fr/site/img/products/bk_4z3S7z3X3R45Z7LbHtTv-4-thb.jpg"",""https://www.giroudon.fr/site/img/products/bk_4z3S7z3X3R45Z7LbHtTv-5-thb.jpg"",""https://www.giroudon.fr/site/img/products/bk_4z3S7z3X3R45Z7LbHtTv-6-thb.jpg"",""https://www.giroudon.fr/site/img/products/bk_4z3S7z3X3R45Z7LbHtTv-7-thb.jpg""]",,,,sku_price,,,1,"[{""catId"":601009,""catPath"":""Machine tools and equipment => Grinding Machines => Grinders => Hand-operated Belt Sanders"",""catUrl"":""https://vtyler.alibaba.com/vtyler/index.htm?categoryId=601009""}]","{""keywords"":{""3"":""HOMAG wide belt sander"",""1"":""BUTFERING SGO 211 RK"",""2"":""1100 mm wide sander""},""keywords_english"":{""3"":""HOMAG wide belt sander"",""1"":""BUTFERING SGO 211 RK"",""2"":""1100 mm wide sander""}}",324,"1100 mm wide sander with 2 belts. The BUTFERING brand is part of the internationally renowned HOMAG group. This used wide sander has high calibration power capabilities. 
",COMPLETE,,,,1,307192
6712,2025-12-03 08:37:31,2025-12-03 08:37:24,b7852a64-6831-4ec0-b515-cf233571cd35,www.giroudon.fr,https://www.giroudon.fr/prod-radial-band-saws-yqr1itkzh9f9mpwulukb.html,"Band saw GUILLET MNG 
",https://www.giroudon.fr/site/img/marques/GUILLIET.jpg,,,,,sku_price,,,1,"[{""catId"":600885,""catPath"":""Machine tools and equipment => Sawing Machines => Band Saw Machines"",""catUrl"":""https://vtyler.alibaba.com/vtyler/index.htm?categoryId=600885""}]","{""keywords"":{""3"":""700 mm wheels"",""1"":""Band saw"",""2"":""GUILLET""},""keywords_english"":{""3"":""700 mm wheels"",""1"":""Band saw"",""2"":""GUILLET""}}",324,"
 
 second hand band saw GUILLET with 700 mm wheels. Although it's an older model, this saw offers impeccable reliability and robustness. Our workshop has installed all the safety modules to meet current standards. 
 
 
 small band saw with 600 wheels, used, serviced by Giroudon 
 
 
 Band saw CENTAURO CO 700 NEW 
 
 
 Band saw 700 brand CENTAURO new available immediately at Giroudon 
 
 
 Used ACMA BAND SAW Ø wheels: 700 mm, Loire 
 
 
",COMPLETE,,,,1,307100
6729,2025-12-03 08:38:08,2025-12-03 08:38:01,b7852a64-6831-4ec0-b515-cf233571cd35,www.giroudon.fr,https://www.giroudon.fr/prod-anest-tank-compressor-200-l-nz3ocac5r1rb9ng6bg25.html,"ANEST TANK COMPRESSOR 200 l 
",https://www.giroudon.fr/site/img/products/bk_nz3OCac5r1rb9NG6BG25-1-med.jpg,"[""https://www.giroudon.fr/site/img/products/bk_nz3OCac5r1rb9NG6BG25-1-thb.jpg"",""https://www.giroudon.fr/site/img/products/bk_nz3OCac5r1rb9NG6BG25-2-thb.jpg""]",,,,sku_price,,200 l,1,"[{""catId"":606312,""catPath"":""Fluid technology => Compressors => Piston Compressors"",""catUrl"":""https://vtyler.alibaba.com/vtyler/index.htm?categoryId=606312""}]","{""keywords_english"":{""3"":""10 bars air compressor"",""2"":""3 HP 200 l compressor"",""1"":""ANEST TANK COMPRESSOR""},""keywords"":{""3"":""10 bars air compressor"",""2"":""3 HP 200 l compressor"",""1"":""ANEST TANK COMPRESSOR""}}",324,"The ANEST TANK COMPRESSOR 200 l is available for purchase. It features a 3 HP power, operates at 10 bars of pressure, and has a rotation speed of 1570 rpm. Manufactured in 2020, this compressor is suitable for various applications requiring reliable air compression. For more detailed information or a free estimate, please contact us. 
",COMPLETE,,,,1,307294
6730,2025-12-03 08:38:09,2025-12-03 08:38:02,b7852a64-6831-4ec0-b515-cf233571cd35,www.giroudon.fr,https://www.giroudon.fr/prod-panel-saw-homag-ch04-muqoq0w97r96aajgt56v.html,"Panel saw HOMAG CH04 
",https://www.giroudon.fr/site/img/products/bk_mUqOq0w97r96AajgT56v-1-med.jpg,"[""https://www.giroudon.fr/site/img/products/bk_mUqOq0w97r96AajgT56v-1-thb.jpg"",""https://www.giroudon.fr/site/img/products/bk_mUqOq0w97r96AajgT56v-2-thb.jpg"",""https://www.giroudon.fr/site/img/products/bk_mUqOq0w97r96AajgT56v-3-thb.jpg"",""https://www.giroudon.fr/site/img/products/bk_mUqOq0w97r96AajgT56v-4-thb.jpg""]",,,,sku_price,,,1,"[{""catId"":600871,""catPath"":""Machine tools and equipment => Sawing Machines => Sawing Machines (Other)"",""catUrl"":""https://vtyler.alibaba.com/vtyler/index.htm?categoryId=600871""}]","{""keywords_english"":{""3"":""4200 mm capacity"",""2"":""HOMAG CH04"",""1"":""panel saw""},""keywords"":{""3"":""capacité 4200 mm"",""2"":""HOMAG CH04"",""1"":""scie à panneaux""}}",324,"HOMAG 4200 mm capacity horizontal panel saw, with variable speed drive, available from your GIROUDON used woodworking machinery dealer. (...) Read the full description 
",COMPLETE,,,,1,307206
6731,2025-12-03 08:38:16,2025-12-03 08:38:06,b7852a64-6831-4ec0-b515-cf233571cd35,www.giroudon.fr,https://www.giroudon.fr/prod-4-sided-moulder-weinig-p-23-e-pgp1up57xmo5azcf84g3.html,"4-sided moulder WEINIG P 23 E 
",https://www.giroudon.fr/site/img/products/bk_PgP1up57xMO5AzCF84G3-1-med.jpg,"[""https://www.giroudon.fr/site/img/products/bk_PgP1up57xMO5AzCF84G3-1-thb.jpg"",""https://www.giroudon.fr/site/img/products/bk_PgP1up57xMO5AzCF84G3-2-thb.jpg"",""https://www.giroudon.fr/site/img/products/bk_PgP1up57xMO5AzCF84G3-3-thb.jpg"",""https://www.giroudon.fr/site/img/products/bk_PgP1up57xMO5AzCF84G3-4-thb.jpg""]",,,,sku_price,,,1,"[{""catId"":601089,""catPath"":""Machine tools and equipment => Shaping Machines"",""catUrl"":""https://vtyler.alibaba.com/vtyler/index.htm?categoryId=601089""}]","{""keywords_english"":{""3"":""large capacity moulder"",""2"":""WEINIG P 23 E"",""1"":""4-sided moulder""},""keywords"":{""3"":""large capacity moulder"",""2"":""WEINIG P 23 E"",""1"":""4-sided moulder""}}",324,"4 FACES WEINIG 5 shafts P 23 E, 230X 120 , large capacity overhauled and available at Giroudon. This 4-sided WEINIG UNIMAT 500 will be available at the end of September. 4 Sides WEINIG HYDROMAT 23 C 230X 160 with grooved table and full width wood system- reconditioned by our workshop. FUTURA KRONO 4-sided 180 mm wide crusher. 
",COMPLETE,,,,1,307175
6732,2025-12-03 08:38:14,2025-12-03 08:38:06,b7852a64-6831-4ec0-b515-cf233571cd35,www.giroudon.fr,https://www.giroudon.fr/prod-nuair-skm15-compressor-o980s2bkyp56n0iqyc55.html,"NUAIR SKM15 compressor 
",https://www.giroudon.fr/site/img/products/bk_O980S2BKYp56N0IQyc55-1-med.jpg,"[""https://www.giroudon.fr/site/img/products/bk_O980S2BKYp56N0IQyc55-1-thb.jpg""]",,,,sku_price,,,1,"[{""catId"":606318,""catPath"":""Fluid technology => Compressors => Radial  Compressors"",""catUrl"":""https://vtyler.alibaba.com/vtyler/index.htm?categoryId=606318""}]","{""keywords_english"":{""3"":""NUAIR compressor"",""2"":""SKM15 compressor"",""1"":""NUAIR SKM15 compressor""},""keywords"":{""3"":""compresseur NUAIR"",""2"":""compresseur SKM15"",""1"":""compresseur NUAIR SKM15""}}",324,"NUAIR SKM15 compressor 
 Information and quotation 
 Interested in this product ? 
 Ask for a free estimate 
 Product in my quote 
 Average response time: 5 days. If urgent: specify it in the quote form. 
 Article available! 
 Need additional information, availability? 
 ASK YOUR QUESTION 
",COMPLETE,,,,1,307296
6733,2025-12-03 08:38:14,2025-12-03 08:38:07,b7852a64-6831-4ec0-b515-cf233571cd35,www.giroudon.fr,https://www.giroudon.fr/prod-pertici-4-head-welding-machine-type-wm4v-t-72p3cnbvd43sei8ww7t0.html,"PERTICI 4 HEAD WELDING MACHINE type WM4V/T 
",https://www.giroudon.fr/site/img/products/bk_72p3cNBvD43SEI8WW7T0-1-med.jpg,"[""https://www.giroudon.fr/site/img/products/bk_72p3cNBvD43SEI8WW7T0-1-thb.jpg"",""https://www.giroudon.fr/site/img/products/bk_72p3cNBvD43SEI8WW7T0-2-thb.jpg"",""https://www.giroudon.fr/site/img/products/bk_72p3cNBvD43SEI8WW7T0-3-thb.jpg"",""https://www.giroudon.fr/site/img/products/bk_72p3cNBvD43SEI8WW7T0-4-thb.jpg""]",,,,sku_price,,,1,"[{""catId"":610875,""catPath"":""Soldering, welding and bonding technology => Welding Machines => Plastic Welding Machines"",""catUrl"":""https://vtyler.alibaba.com/vtyler/index.htm?categoryId=610875""}]","{""keywords"":{""3"":""pneumatische Zylinder"",""1"":""Maschine zum Schweißen von Profilen"",""2"":""PLC-Steuerkarte""},""keywords_english"":{""3"":""pneumatic cylinders"",""1"":""Profile welding machine"",""2"":""PLC control card""}}",324,"
 
 Self-aligning system for heating plate with linear guides. 
 
 
 Locking of each head with control knob. 
 
 
 Profile positioning system for each head. 
 
 
 Control knobs on each head. 
 
 
 Pneumatic cylinders for movement control. 
 
 
 Large pneumatic cylinders for profile clamping, equipped with pressure regulators 
 
 
 Electrical panel controlling each electronic card installed on each head. 
 
 
 PLC electronic card (one for each head) controlling the work cycle, the temperature of the heating plate, the temperature of the heated knives and the melting and welding times. 
 
 
 Heating plate temperature controlled by a PLC electronic card with an accuracy of +/- 2 ° compared with the standard +/- 7 ° obtained with standard temperature controllers. 
 
 
 Two-handed control to start the extinguishing cycle. 
 
 
 Possibility of modifying welding parameters from the user interface. 
 
 
 Possibility of setting the operating mode with head combination selection from the control keyboard. 
 
 
 Possibility of starting the work cycle from the keyboard available on each welding head. 
 
 
 Possibility of welding two frames simultaneously. 
 
 
 Mechanical assembly of welding parameters: 
 
 Standard welding limit of 2 mm 
 
 
 
 Year 2011 
",COMPLETE,,,,1,307196
6739,2025-12-03 08:38:33,2025-12-03 08:38:26,b7852a64-6831-4ec0-b515-cf233571cd35,www.giroudon.fr,https://www.giroudon.fr/prod-fan-bouchet-lanat-6q1wpn481snpxn8l6von.html,"Fan BOUCHET-LANAT 
",https://www.giroudon.fr/site/img/products/bk_6Q1Wpn481SNpXn8l6VoN-1-med.jpg,"[""https://www.giroudon.fr/site/img/products/bk_6Q1Wpn481SNpXn8l6VoN-1-thb.jpg"",""https://www.giroudon.fr/site/img/products/bk_6Q1Wpn481SNpXn8l6VoN-2-thb.jpg""]",,,,sku_price,,,1,"[{""catId"":600469,""catPath"":""Cleaning equipment and machinery => Industrial Cleaning Equipment => Vacuum Cleaners for Industry & Trade"",""catUrl"":""https://vtyler.alibaba.com/vtyler/index.htm?categoryId=600469""}]","{""keywords_english"":{""3"":""GROSS GAZ 82 shredder"",""2"":""ATEX vacuum filter"",""1"":""TORNADO LS500E""},""keywords"":{""3"":""GROSS GAZ 82 shredder"",""2"":""ATEX vacuum filter"",""1"":""TORNADO LS500E""}}",324,"TORNADO LS500E dust collector hoover 
 Vacuum cleaner with ATEX vacuum filter. This new dust collector will be installed in your workshop and can be easily moved. 
 GROSS GAZ 82 slow-speed shredder 
 PETTINI PFD dust collector hoover 
 This very recent central vacuum unit is ideal for vacuuming up your dust and swarf. The polluted air enters a space where, by gravity, the heaviest particles fall into a hopper and are easily discharged by means of an endless screw. The chips are collected in containers, briquetting machines or similar. The finer particles are separated from the air by bag filters, with the filtered air leaving the upper part of the filter. In the upper part of the filter, a vibrator is housed to clean the bags. 
",COMPLETE,,,,1,307118
6742,2025-12-03 08:38:39,2025-12-03 08:38:32,b7852a64-6831-4ec0-b515-cf233571cd35,www.giroudon.fr,https://www.giroudon.fr/prod-ficheuse-marzanni-244nve3k0opd97asiy16.html,"Ficheuse MARZANNI 
",https://www.giroudon.fr/site/img/products/bk_244NVE3K0OPD97asiY16-1-med.jpg,"[""https://www.giroudon.fr/site/img/products/bk_244NVE3K0OPD97asiY16-1-thb.jpg"",""https://www.giroudon.fr/site/img/products/bk_244NVE3K0OPD97asiY16-2-thb.jpg"",""https://www.giroudon.fr/site/img/products/bk_244NVE3K0OPD97asiY16-3-thb.jpg"",""https://www.giroudon.fr/site/img/products/bk_244NVE3K0OPD97asiY16-4-thb.jpg""]",,,,sku_price,,,1,"[{""catId"":600947,""catPath"":""Machine tools and equipment => Punching Machines"",""catUrl"":""https://vtyler.alibaba.com/vtyler/index.htm?categoryId=600947""}]","{""keywords"":{""3"":""die-cutting machine"",""1"":""Ficheuse"",""2"":""MARZANNI""},""keywords_english"":{""3"":""die-cutting machine"",""1"":""Ficheuse"",""2"":""MARZANNI""}}",324,"Owned MARZANNI MULTIWORK type die-cutting machine with numerically controlled head available from your dealer. (...) 
",COMPLETE,,,,1,307226
6750,2025-12-03 08:39:06,2025-12-03 08:39:00,b7852a64-6831-4ec0-b515-cf233571cd35,www.giroudon.fr,https://www.giroudon.fr/prod-cnc-machining-centres-4dhxacsh2lgsnwveocc2.html,"HOLZHER 7125 5-axis machining centre 
",https://www.giroudon.fr/site/img/marques/HOLZHER.jpg,,,,,sku_price,,,1,"[{""catId"":614745,""catPath"":""Tools and production supplies => Toolmaking, Mould Making & Fixture Construction"",""catUrl"":""https://vtyler.alibaba.com/vtyler/index.htm?categoryId=614745""}]","{""keywords_english"":{""3"":""longitudinal and lateral precision guides"",""2"":""POUWELS DEF50 Evolution router"",""1"":""5-axis machining centre""},""keywords"":{""3"":""longitudinal and lateral precision guides"",""2"":""POUWELS DEF50 Evolution router"",""1"":""5-axis machining centre""}}",324,"The Pouwels brand is a recognised brand among carpenters who make staircases and door and window manufacturers. The POUWELS DEF50 Evolution router is a manual router designed for routing in straight and curved stringers.It has longitudinal and lateral precision guides with high-precision shoes sliding on these rails. 2 different positions can be locked on these movements by means of stops to achieve the step and counter-step to be machined. 
",COMPLETE,,,,1,307080
6752,2025-12-03 08:39:10,2025-12-03 08:39:03,b7852a64-6831-4ec0-b515-cf233571cd35,www.giroudon.fr,https://www.giroudon.fr/prod-alligator-jed-75-sharpener-7e4lfh5drpg5h92bz038.html,"ALLIGATOR JED 75 sharpener 
",https://www.giroudon.fr/site/img/products/bk_7E4LFH5Drpg5h92BZ038-1-med.jpg,"[""https://www.giroudon.fr/site/img/products/bk_7E4LFH5Drpg5h92BZ038-1-thb.jpg"",""https://www.giroudon.fr/site/img/products/bk_7E4LFH5Drpg5h92BZ038-2-thb.jpg"",""https://www.giroudon.fr/site/img/products/bk_7E4LFH5Drpg5h92BZ038-3-thb.jpg""]",,,,sku_price,,,1,"[{""catId"":607160,""catPath"":""Catering supplies => Kitchen Utensils => Knife Sharpeners"",""catUrl"":""https://vtyler.alibaba.com/vtyler/index.htm?categoryId=607160""}]","{""keywords"":{""3"":""second-hand sharpener"",""1"":""ALLIGATOR JED 75"",""2"":""ribbon blades sharpener""},""keywords_english"":{""3"":""second-hand sharpener"",""1"":""ALLIGATOR JED 75"",""2"":""ribbon blades sharpener""}}",324,"A second-hand ALLIGATOR type JED 75 for ribbon blades available from giroudon. (...) Read the full description 
",COMPLETE,,,,1,307167
6753,2025-12-03 08:39:14,2025-12-03 08:39:07,b7852a64-6831-4ec0-b515-cf233571cd35,www.giroudon.fr,https://www.giroudon.fr/prod-cross-cut-saws-1p6gi2nm7gk2dz884nty.html,"STROMAB TR 500 chainsaw 
",https://www.giroudon.fr/site/img/marques/STROMAB.jpg,,,,,sku_price,,,1,"[{""catId"":600884,""catPath"":""Machine tools and equipment => Sawing Machines => Chainsaws"",""catUrl"":""https://vtyler.alibaba.com/vtyler/index.htm?categoryId=600884""}]","{""keywords"":{""3"":""pendular chainsaw"",""1"":""STROMAB TR 500"",""2"":""chainsaw""},""keywords_english"":{""3"":""pendular chainsaw"",""1"":""STROMAB TR 500"",""2"":""chainsaw""}}",324,"Owned pendular chainsaw STROMAB type PS 45 with blade Ø 450 mm, available in loire. 
 Chainsaw OMGA type T520 NC, cut to length, blade Ø: 500 mm, available in rhone-alpes. 
",COMPLETE,,,,1,307112
6754,2025-12-03 08:39:22,2025-12-03 08:39:14,b7852a64-6831-4ec0-b515-cf233571cd35,www.giroudon.fr,https://www.giroudon.fr/prod-ocmac-volucadreuse-db2po6zkrhg4la07amk7.html,"OCMAC Volucadreuse 
",https://www.giroudon.fr/site/img/products/bk_db2po6zkrHG4La07Amk7-1-med.jpg,"[""https://www.giroudon.fr/site/img/products/bk_db2po6zkrHG4La07Amk7-1-thb.jpg"",""https://www.giroudon.fr/site/img/products/bk_db2po6zkrHG4La07Amk7-2-thb.jpg""]",,,,sku_price,,,1,"[{""catId"":600708,""catPath"":""Machine tools and equipment => Machine Tools => Woodworking Machinery"",""catUrl"":""https://vtyler.alibaba.com/vtyler/index.htm?categoryId=600708""}]","{""keywords"":{""3"":""applications de menuiserie"",""1"":""Volucadreuse hydraulique"",""2"":""machine à charpente""},""keywords_english"":{""3"":""woodworking applications"",""1"":""hydraulic Volucadreuse"",""2"":""framing machine""}}",324,"The OCMAC Volucadreuse is a hydraulic frame machine designed for manual or semi-automatic framing. It features a large capacity, with options for vertical and horizontal jacks, and manual adjustments for precise control. This machine is ideal for woodworking applications, offering flexibility in handling different types of materials and projects. It has been completely overhauled, ensuring reliable performance and safety. 
",COMPLETE,,,,1,307251
6755,2025-12-03 08:39:24,2025-12-03 08:39:15,b7852a64-6831-4ec0-b515-cf233571cd35,www.giroudon.fr,https://www.giroudon.fr/prod-machines-m-otal-d-occasion-wd0a9c9k3r4quyrrez5v.html,"Second-hand metal machines 
",https://www.giroudon.fr/site/img/products/bk_Wd0a9C9K3r4qUYrrez5V-1-med.jpg,,,,,sku_price,,,1,"[{""catId"":600706,""catPath"":""Machine tools and equipment => Machine Tools => Machines for Metal Construction"",""catUrl"":""https://vtyler.alibaba.com/vtyler/index.htm?categoryId=600706""}]","{""keywords_english"":{""3"":""GIROUDON"",""2"":""metalworking machines"",""1"":""second-hand machines""},""keywords"":{""3"":""GIROUDON"",""2"":""machines de travail des métaux"",""1"":""machines d'occasion""}}",324,"GIROUDON sells used metalworking machines for metalworking. The stock is renewed quite quickly in this category, which makes it possible to regularly offer new metalworking machines. 
 These used machines can be sold as they are or completely overhauled in our workshop (electricity, mechanics, pneumatics, paint), depending on your needs. 
 The vast majority of machines presented in this section are in stock. Customers can come on site to discover and find the machine or machines they are looking for. 
",COMPLETE,,,,1,307492
6756,2025-12-03 08:39:26,2025-12-03 08:39:18,b7852a64-6831-4ec0-b515-cf233571cd35,www.giroudon.fr,https://www.giroudon.fr/prod-compressors-zg53go1qgcor2afr3brf.html,"ATLAS COPCO G7P compressor 
",https://www.giroudon.fr/site/img/marques/ATLAS-COPCO-LOGO.jpg,,,,,sku_price,,,1,"[{""catId"":606310,""catPath"":""Fluid technology => Compressors => Screw Compressors => Screw Compressors"",""catUrl"":""https://vtyler.alibaba.com/vtyler/index.htm?categoryId=606310""}]","{""keywords"":{""3"":""Kältetrockner"",""1"":""G7P Kompressor"",""2"":""Schraubenkompressor""},""keywords_english"":{""3"":""Refrigeration Dryer"",""1"":""G7P Compressor"",""2"":""Screw Compressor""}}",324,"The ATLAS COPCO G7P screw compressor is a good alternative to the piston compressor. it features a refrigeration dryer. this used compressor also helps to reduce operating costs thanks to optimised load/run to empty/stop regulation 
",COMPLETE,,,,1,307116
6758,2025-12-03 08:39:29,2025-12-03 08:39:22,b7852a64-6831-4ec0-b515-cf233571cd35,www.giroudon.fr,https://www.giroudon.fr/prod-double-saw-fom-blitz-alva-500-m-fox-2563fftdq8apdmgb90o0.html,"Double saw FOM BLITZ ALVA 500 M FOX 
",https://www.giroudon.fr/site/img/products/bk_2563FftDq8APdMgB90O0-1-med.jpg,"[""https://www.giroudon.fr/site/img/products/bk_2563FftDq8APdMgB90O0-1-thb.jpg"",""https://www.giroudon.fr/site/img/products/bk_2563FftDq8APdMgB90O0-2-thb.jpg""]",,,,sku_price,,,1,"[{""catId"":600288,""catPath"":""Machinery for agriculture, forestry, fishing, horticulture => Agricultural Machinery => Ploughs"",""catUrl"":""https://vtyler.alibaba.com/vtyler/index.htm?categoryId=600288""}]","{""keywords_english"":{""3"":""BLITZ ALVA 500"",""2"":""aluminium plough"",""1"":""Double saw""},""keywords"":{""3"":""BLITZ ALVA 500"",""2"":""aluminium plough"",""1"":""Double saw""}}",324,"FOM BLITZ ALVA 500 M FOX double aluminium plough, same characteristics as a BLITZ ALVA 500 A available from Giroudon. 
",COMPLETE,,,,1,307154
6760,2025-12-03 08:39:34,2025-12-03 08:39:27,b7852a64-6831-4ec0-b515-cf233571cd35,www.giroudon.fr,https://www.giroudon.fr/prod-altendorf-f90-sliding-table-saw-1ziq6o4i7y792rlvnnbi.html,"ALTENDORF F90 sliding table saw 
",https://www.giroudon.fr/site/img/products/bk_1ZIQ6O4I7Y792rlvNnBI-1-med.jpg,"[""https://www.giroudon.fr/site/img/products/bk_1ZIQ6O4I7Y792rlvNnBI-1-thb.jpg"",""https://www.giroudon.fr/site/img/products/bk_1ZIQ6O4I7Y792rlvNnBI-2-thb.jpg"",""https://www.giroudon.fr/site/img/products/bk_1ZIQ6O4I7Y792rlvNnBI-3-thb.jpg"",""https://www.giroudon.fr/site/img/products/bk_1ZIQ6O4I7Y792rlvNnBI-4-thb.jpg"",""https://www.giroudon.fr/site/img/products/bk_1ZIQ6O4I7Y792rlvNnBI-5-thb.jpg""]",,,,sku_price,,,1,"[{""catId"":600878,""catPath"":""Machine tools and equipment => Sawing Machines => Circular Saws"",""catUrl"":""https://vtyler.alibaba.com/vtyler/index.htm?categoryId=600878""}]","{""keywords"":{""3"":""digital precision"",""1"":""ALTENDORF F90"",""2"":""sliding-table saw""},""keywords_english"":{""3"":""digital precision"",""1"":""ALTENDORF F90"",""2"":""sliding-table saw""}}",324,"The ALTENDORF F90 sliding-table saw in the POSIT version brings digital precision to the standard version. The programme saves time on repetitive cuts. This version combines the precision of electronic programming with the mechanical reliability we've come to expect from Altendorf. The rip fence moves by means of ballscrews. 
",COMPLETE,,,,1,307336
6768,2025-12-03 08:40:11,2025-12-03 08:40:02,b7852a64-6831-4ec0-b515-cf233571cd35,www.giroudon.fr,https://www.giroudon.fr/prod-aluminum-machining-center-t5i9obejnhzblzyna7ur.html,"FOM ARGO 70 aluminium machining centre 
",https://www.giroudon.fr/site/img/marques/FOMINDUSTRIE.jpg,,,,,sku_price,,,1,"[{""catId"":600736,""catPath"":""Machine tools and equipment => CNC Machines => Machining Centers => CNC 5-axis Milling Machining Centers"",""catUrl"":""https://vtyler.alibaba.com/vtyler/index.htm?categoryId=600736""}]","{""keywords_english"":{""3"":""high capacity machining centre"",""2"":""CNC 5-axis machining centre"",""1"":""aluminium machining centre""},""keywords"":{""3"":""centre d'usinage haute capacité"",""2"":""centre d'usinage CNC 5 axes"",""1"":""centre d'usinage aluminium""}}",324,"FOM ARGO 70 aluminium machining centre, high capacity in x. 
 5-AXIS CU EMMEGI COMET R6HP 
 5-axis controlled CNC machining centre designed for machining bars or parts in aluminium, steel, PVC and light alloys in general. It has two operating modes: the first featuring a single machining zone for bars up to 7.5 m long, the second featuring two autonomous machining zones in pendulum mode. The HP version of the machine, equipped with 2 additional axes for positioning the vices and reference stops, enables the positioning of the vices in masked time during operation in pendulum mode. 
 Centre d usinage 4 axes FOM DALI 70 CZ 
 This centre that we have just returned is not yet overhauled. In a few days we'll be able to put more photos online. 
 Centre d usinage EMMEGI PHANTOMATIC T4 
 EMMEGI PHANTOMATIC T4 3-axis aluminium machining centre 
 EMMEGI COMET T5 machining centre 
 UGS : 8856 
 EMMEGI machining centre with 7.5 m bench, very good condition 
 FOM machining centre type ARGO 35 RM 
 UGS : 8477 
 FOM machining centre type ARGO 35 RM - X : 3500mm, y : 1100 mm, z : 425 mm, tool magazine 
 ELUMATEC machining centre type SBZ 122/31 
 UGS : 8172 
 ELUMATEC machining center type SBZ 122/31 – 3 axes + angle transmission – can machine 5 faces, x: 3850 mm, y: 350 mm, z: 280 mm, angle transmission 
 FOM Flow Centre 
 FOM LMT550AL aluminium machining cutting centre available soon from Giroudon 
",COMPLETE,,,,1,307129
6770,2025-12-03 08:40:13,2025-12-03 08:40:03,b7852a64-6831-4ec0-b515-cf233571cd35,www.giroudon.fr,https://www.giroudon.fr/prod-copy-milling-machine-eismo-fc-magnum-360-lpb17ifk46o0rra6yn9t.html,"Copy milling machine EISMO FC MAGNUM 360 
",https://www.giroudon.fr/site/img/products/bk_LpB17iFk46O0RRA6yn9T-1-med.jpg,"[""https://www.giroudon.fr/site/img/products/bk_LpB17iFk46O0RRA6yn9T-1-thb.jpg"",""https://www.giroudon.fr/site/img/products/bk_LpB17iFk46O0RRA6yn9T-2-thb.jpg"",""https://www.giroudon.fr/site/img/products/bk_LpB17iFk46O0RRA6yn9T-3-thb.jpg"",""https://www.giroudon.fr/site/img/products/bk_LpB17iFk46O0RRA6yn9T-4-thb.jpg"",""https://www.giroudon.fr/site/img/products/bk_LpB17iFk46O0RRA6yn9T-5-thb.jpg""]",,,,sku_price,,,1,"[{""catId"":600754,""catPath"":""Machine tools and equipment => Milling Machines => Milling Machines (Other)"",""catUrl"":""https://vtyler.alibaba.com/vtyler/index.htm?categoryId=600754""}]","{""keywords"":{""3"":""Giroudon"",""1"":""fraiseuse à copier"",""2"":""EISMO FC MAGNUM 360""},""keywords_english"":{""3"":""Giroudon"",""1"":""copy milling machine"",""2"":""EISMO FC MAGNUM 360""}}",324,"Used copy milling machine for machining on 2 sides by pivoting. It is available from Giroudon. It is a milling machine by template or stop system, offering the possibility of milling the 2 sides of a profile, the top then the bottom. 
",COMPLETE,,,,1,307204
6772,2025-12-03 08:40:16,2025-12-03 08:40:08,b7852a64-6831-4ec0-b515-cf233571cd35,www.giroudon.fr,https://www.giroudon.fr/prod-fraiseuses-a-copier-bg3qi5pxl0900wbm9mkp.html,"Copy milling machine FOM CALCO 
",https://www.giroudon.fr/site/img/marques/FOMINDUSTRIE.jpg,,,,,sku_price,,,1,"[{""catId"":600754,""catPath"":""Machine tools and equipment => Milling Machines => Milling Machines (Other)"",""catUrl"":""https://vtyler.alibaba.com/vtyler/index.htm?categoryId=600754""}]","{""keywords_english"":{""3"":""pivoting milling machine"",""2"":""aluminum workshop milling"",""1"":""FOM copy milling machine""},""keywords"":{""3"":""pivoting milling machine"",""2"":""aluminum workshop milling"",""1"":""FOM copy milling machine""}}",324,"classic FOM copy milling machine for aluminum workshop 
 EISELE FCSR copy milling machine 
 EISELE basic copy milling machine, ideal for an aluminium joinery workshop. It has been overhauled by our technicians. 
 Copy milling machine EISMO FC MAGNUM 360 
 Used copy milling machine for machining on 2 sides by pivoting. It is available from Giroudon. It is a milling machine by template or stop system, offering the possibility of milling the 2 sides of a profile, the top then the bottom. 
 FOM BIBLOS copy milling machine 
 FOM BIBLOS 2-spindle copy milling machine overhauled in our workshop 
 Small HAFFNER copy milling machine, overhauled by our workshop 
",COMPLETE,,,,1,307428
6774,2025-12-03 08:40:19,2025-12-03 08:40:10,b7852a64-6831-4ec0-b515-cf233571cd35,www.giroudon.fr,https://www.giroudon.fr/prod-pettini-pfd-dust-collector-hoover-6mjs591qm9e5o8vubwgo.html,"PETTINI PFD dust collector hoover 
",https://www.giroudon.fr/site/img/products/bk_6MjS591Qm9E5o8VUBWgo-1-med.jpg,"[""https://www.giroudon.fr/site/img/products/bk_6MjS591Qm9E5o8VUBWgo-1-thb.jpg"",""https://www.giroudon.fr/site/img/products/bk_6MjS591Qm9E5o8VUBWgo-2-thb.jpg"",""https://www.giroudon.fr/site/img/products/bk_6MjS591Qm9E5o8VUBWgo-3-thb.jpg""]",,,,sku_price,,,1,"[{""catId"":608595,""catPath"":""Refrigeration, air conditioning, ventilation and heating technology => Ventilation Technology => Extraction Systems => Central Vacuum Systems"",""catUrl"":""https://vtyler.alibaba.com/vtyler/index.htm?categoryId=608595""}]","{""keywords"":{""3"":""bag filters with vibrator"",""1"":""central vacuum unit"",""2"":""dust and swarf collector""},""keywords_english"":{""3"":""bag filters with vibrator"",""1"":""central vacuum unit"",""2"":""dust and swarf collector""}}",324,"This very recent central vacuum unit is ideal for vacuuming up your dust and swarf. 
 The polluted air enters a space where, by gravity, the heaviest particles fall into a hopper and are easily discharged by means of an endless screw. The chips are collected in containers, briquetting machines or similar. The finer particles are separated from the air by bag filters, with the filtered air leaving the upper part of the filter. In the upper part of the filter, a vibrator is housed to clean the bags. 
",COMPLETE,,,,1,307111
6777,2025-12-03 08:40:24,2025-12-03 08:40:18,b7852a64-6831-4ec0-b515-cf233571cd35,www.giroudon.fr,https://www.giroudon.fr/prod-spindle-moulder-scm-t120c-6xpio2gh4cr4zmgenp2z.html,"Spindle moulder SCM T120C 
",https://www.giroudon.fr/site/img/products/bk_6XpIO2gh4CR4zMgeNP2Z-1-med.jpg,"[""https://www.giroudon.fr/site/img/products/bk_6XpIO2gh4CR4zMgeNP2Z-1-thb.jpg""]",,,,sku_price,,,1,"[{""catId"":615227,""catPath"":""Tools and production supplies => Spindles => Milling Spindles"",""catUrl"":""https://vtyler.alibaba.com/vtyler/index.htm?categoryId=615227""}]","{""keywords_english"":{""3"":""cast iron frame"",""2"":""SCM T120C"",""1"":""Spindle moulder""},""keywords"":{""3"":""cast iron frame"",""2"":""SCM T120C"",""1"":""Spindle moulder""}}",324,"old model spinning top, cast iron frame cast in one piece, called ""production spinning top"" by SCM at the time of its launch. 
",COMPLETE,,,,1,307332
6778,2025-12-03 08:40:36,2025-12-03 08:40:30,b7852a64-6831-4ec0-b515-cf233571cd35,www.giroudon.fr,https://www.giroudon.fr/prod-omc-double-saw-lince-550-s-wtjmpl70m7dwr91t7axf.html,"OMC double saw LINCE 550/S 
",https://www.giroudon.fr/site/img/products/bk_WtjmPL70M7Dwr91T7aXf-1-med.jpg,"[""https://www.giroudon.fr/site/img/products/bk_WtjmPL70M7Dwr91T7aXf-1-thb.jpg"",""https://www.giroudon.fr/site/img/products/bk_WtjmPL70M7Dwr91T7aXf-2-thb.jpg"",""https://www.giroudon.fr/site/img/products/bk_WtjmPL70M7Dwr91T7aXf-3-thb.jpg""]",,,,sku_price,,,1,"[{""catId"":600878,""catPath"":""Machine tools and equipment => Sawing Machines => Circular Saws"",""catUrl"":""https://vtyler.alibaba.com/vtyler/index.htm?categoryId=600878""}]","{""keywords"":{""3"":""sega a doppio taglio inclinabile"",""1"":""doppia sega 550 mm"",""2"":""OMC LINCE 550/S""},""keywords_english"":{""3"":""tiltable double crosscut saw"",""1"":""double saw 550 mm"",""2"":""OMC LINCE 550/S""}}",324,"OMC is an Italian manufacturer of aluminium machinery. This double crosscut saw with its 550 mm diam. blades has the particularity of having a greater internal inclination than the classic double saws usually offer. the LINCE 550/S can go up to 135° internal. 
",COMPLETE,,,,1,307157
6779,2025-12-03 08:40:39,2025-12-03 08:40:32,b7852a64-6831-4ec0-b515-cf233571cd35,www.giroudon.fr,https://www.giroudon.fr/prod-haco-ts3006-guillotine-shears-d07p335603o1el1i054i.html,"HACO TS3006 guillotine shears 
",https://www.giroudon.fr/site/img/products/bk_d07p335603o1eL1i054I-1-med.jpg,"[""https://www.giroudon.fr/site/img/products/bk_d07p335603o1eL1i054I-1-thb.jpg"",""https://www.giroudon.fr/site/img/products/bk_d07p335603o1eL1i054I-2-thb.jpg"",""https://www.giroudon.fr/site/img/products/bk_d07p335603o1eL1i054I-3-thb.jpg"",""https://www.giroudon.fr/site/img/products/bk_d07p335603o1eL1i054I-4-thb.jpg""]",,,,sku_price,,,1,"[{""catId"":600851,""catPath"":""Machine tools and equipment => Cutting Machines => Sheet Metal Shears"",""catUrl"":""https://vtyler.alibaba.com/vtyler/index.htm?categoryId=600851""}]","{""keywords_english"":{""3"":""electric guide 750mm rear stop"",""2"":""hydraulic guillotine 3050x6mm"",""1"":""HACO TS3006 guillotine shears""},""keywords"":{""3"":""electric guide 750mm rear stop"",""2"":""hydraulic guillotine 3050x6mm"",""1"":""HACO TS3006 guillotine shears""}}",324,"Used HACO 3 m capacity guillotine shears available from your dealer. 
 Hydraulic guillotine, 
 Capacity: 3050 X 6 mm, 
 Electric guide, 
 Rear stop travel: 750 mm, 
 Front stop lg 1000 mm 
 Distance between uprights 3400 mm 
 mechanical display, 
 10 HP motor 
",COMPLETE,,,,1,307176
6782,2025-12-03 08:40:57,2025-12-03 08:40:48,b7852a64-6831-4ec0-b515-cf233571cd35,www.giroudon.fr,https://www.giroudon.fr/prod-cadreuses-et-presses-jpu314z2lrvbhxm5doxx.html,"Hydraulic frame BCG CSH 95 
",https://www.giroudon.fr/site/img/marques/BCG.jpg,,,,,sku_price,,,1,"[{""catId"":600902,""catPath"":""Machine tools and equipment => Pressing Machines => Hydraulic Presses"",""catUrl"":""https://vtyler.alibaba.com/vtyler/index.htm?categoryId=600902""}]","{""keywords"":{""3"":""manual framing machine"",""1"":""Hydraulic frame"",""2"":""BCG CSH 95""},""keywords_english"":{""3"":""manual framing machine"",""1"":""Hydraulic frame"",""2"":""BCG CSH 95""}}",324,"This manual framing machine will enable you to frame your doors and frames. Pressure adjustment is via 2 hydraulic pressure gauges. The 2 pressure valves will keep the cylinders pressurised even with the engine off. 
",COMPLETE,,,,1,307400
6785,2025-12-03 08:41:12,2025-12-03 08:41:02,b7852a64-6831-4ec0-b515-cf233571cd35,www.giroudon.fr,https://www.giroudon.fr/prod-panel-edgebanders-saws-lqmv7vs1s8g2kwvw5n6p.html,"HOLZHER UNO 1302 Edgebander 
",https://www.giroudon.fr/site/img/marques/HOLZHER.jpg,,,,,sku_price,,,1,"[{""catId"":607941,""catPath"":""Wood and wood products => Wood Products => Veneer Edgings"",""catUrl"":""https://vtyler.alibaba.com/vtyler/index.htm?categoryId=607941""}]","{""keywords_english"":{""3"":""edge processing"",""2"":""HOLZHER UNO 1302"",""1"":""edgebander""},""keywords"":{""3"":""Kantenbearbeitung"",""2"":""HOLZHER UNO 1302"",""1"":""Kantenanleimmaschine""}}",324,"The HOLZMA panel saw allows rational cutting with a single operator. no stops, no set-up time for electronic longitudinal and cross cuts. its assets: a heavy construction and a pressure beam guided on 2 sides with parallel compensation guarantee a splinter-free finishing cut. 
",COMPLETE,,,,1,307090
6787,2025-12-03 08:41:17,2025-12-03 08:41:08,b7852a64-6831-4ec0-b515-cf233571cd35,www.giroudon.fr,https://www.giroudon.fr/prod-davi-wheeling-machine-ipqomj0srmwfo5u0hebf.html,"DAVI WHEELING MACHINE 
",https://www.giroudon.fr/img/products/bk_IPqoMj0SrMWFO5u0HEbF-1-med.jpg,"[""https://www.giroudon.fr/img/products/bk_IPqoMj0SrMWFO5u0HEbF-1-thb.jpg"",""https://www.giroudon.fr/img/products/bk_IPqoMj0SrMWFO5u0HEbF-2-thb.jpg"",""https://www.giroudon.fr/img/products/bk_IPqoMj0SrMWFO5u0HEbF-3-thb.jpg""]",,,,sku_price,,,1,"[{""catId"":601086,""catPath"":""Machine tools and equipment => Rolling Machines"",""catUrl"":""https://vtyler.alibaba.com/vtyler/index.htm?categoryId=601086""}]","{""keywords_english"":{""3"":""roller machine"",""2"":""4m roller"",""1"":""DAVI wheeling machine""},""keywords"":{""3"":""roller machine"",""2"":""4m roller"",""1"":""DAVI wheeling machine""}}",324,"Owned DAVI 4m Roller 
 Interested in this product ? 
 Ask for a free estimate 
 Product in my quote 
 Average response time: 5 days. If urgent: specify it in the quote form. 
",COMPLETE,,,,1,307287
6789,2025-12-03 08:41:25,2025-12-03 08:41:16,b7852a64-6831-4ec0-b515-cf233571cd35,www.giroudon.fr,https://www.giroudon.fr/prod-second-hand-punching-machine-kingsland-compact-45-2l6lvlz6kv9ykgazbjda.html,"Second hand punching machine KINGSLAND COMPACT 45 
",https://www.giroudon.fr/site/img/products/bk_2l6lvLz6kv9yKGaZBJDA-1-med.jpg,"[""https://www.giroudon.fr/site/img/products/bk_2l6lvLz6kv9yKGaZBJDA-1-thb.jpg"",""https://www.giroudon.fr/site/img/products/bk_2l6lvLz6kv9yKGaZBJDA-2-thb.jpg"",""https://www.giroudon.fr/site/img/products/bk_2l6lvLz6kv9yKGaZBJDA-3-thb.jpg"",""https://www.giroudon.fr/site/img/products/bk_2l6lvLz6kv9yKGaZBJDA-4-thb.jpg"",""https://www.giroudon.fr/site/img/products/bk_2l6lvLz6kv9yKGaZBJDA-5-thb.jpg""]",,,,sku_price,,,1,"[{""catId"":600947,""catPath"":""Machine tools and equipment => Punching Machines"",""catUrl"":""https://vtyler.alibaba.com/vtyler/index.htm?categoryId=600947""}]","{""keywords"":{""3"":""machine de poinçonnage"",""1"":""poinçonneuse hydraulique"",""2"":""KINGSLAND COMPACT 45""},""keywords_english"":{""3"":""punching machine"",""1"":""hydraulic punching machine"",""2"":""KINGSLAND COMPACT 45""}}",324,"The Kingsland range of Single Hydraulic Punching machines all come equipped with a deep throat of 625 mm as standard. Heavy-duty support tables with scales and backstops, universal die holder for punching in plate, flat bar, angle iron and flange of channel and beam are all part of the standard execution. 
",COMPLETE,,,,1,307161
6793,2025-12-03 08:41:32,2025-12-03 08:41:26,b7852a64-6831-4ec0-b515-cf233571cd35,www.giroudon.fr,https://www.giroudon.fr/prod-scm-sandya-3s-sander-xfb6skz8n5z2iwugf30r.html,"SCM SANDYA 3S sander 
",https://www.giroudon.fr/site/img/products/bk_xFB6sKZ8n5Z2IwuGF30r-1-med.jpg,"[""https://www.giroudon.fr/site/img/products/bk_xFB6sKZ8n5Z2IwuGF30r-1-thb.jpg"",""https://www.giroudon.fr/site/img/products/bk_xFB6sKZ8n5Z2IwuGF30r-2-thb.jpg"",""https://www.giroudon.fr/site/img/products/bk_xFB6sKZ8n5Z2IwuGF30r-3-thb.jpg"",""https://www.giroudon.fr/site/img/products/bk_xFB6sKZ8n5Z2IwuGF30r-4-thb.jpg""]",,,,sku_price,,,1,"[{""catId"":601009,""catPath"":""Machine tools and equipment => Grinding Machines => Grinders => Hand-operated Belt Sanders"",""catUrl"":""https://vtyler.alibaba.com/vtyler/index.htm?categoryId=601009""}]","{""keywords_english"":{""3"":""high calibration power"",""2"":""wide sander"",""1"":""SCM SANDYA 3S""},""keywords"":{""3"":""high calibration power"",""2"":""wide sander"",""1"":""SCM SANDYA 3S""}}",324,"1100 mm wide sander with 2 belts. The BUTFERING brand is part of the internationally renowned HOMAG group. This used wide sander has high calibration power capabilities. 
",COMPLETE,,,,1,307267
6794,2025-12-03 08:41:41,2025-12-03 08:41:33,b7852a64-6831-4ec0-b515-cf233571cd35,www.giroudon.fr,https://www.giroudon.fr/prod-the-corner-of-the-individual-sm4a7j8ji458tgfobl6j.html,"Used Machines for Individuals 
",https://www.giroudon.fr/site/img/products/bk_sM4A7J8JI458tGFObL6J-1-med.jpg,"[""https://www.giroudon.fr/site/img/products/bk_36jv27OJJ99Kni925p8f-1-med.jpg"",""https://www.giroudon.fr/site/img/products/bk_0xc0IH346EzzVF57f1cX-1-med.jpg"",""https://www.giroudon.fr/site/img/products/bk_0j4slwtzDSq3gbabBYhr-1-med.jpg""]",,,,sku_price,,,1,"[{""catId"":601093,""catPath"":""Machine tools and equipment => Machine tools and equipment (Other)"",""catUrl"":""https://vtyler.alibaba.com/vtyler/index.htm?categoryId=601093""}]","{""keywords"":{""3"":""machines en PVC"",""1"":""machines d'occasion"",""2"":""machines en aluminium""},""keywords_english"":{""3"":""PVC machines"",""1"":""used machines"",""2"":""aluminum machines""}}",324,"GIROUDON sells used machines for individuals. The stock is renewed quite quickly in this category, which allows us to regularly offer new aluminum and PVC machines. 
 These used machines can be sold as they are or completely overhauled in our workshop (electricity, mechanics, pneumatics, paint), depending on your needs. 
 The vast majority of machines presented in this section are in stock. Customers can come on site to discover and find the machine or machines they are looking for. 
",COMPLETE,,,,1,307151
6795,2025-12-03 08:41:45,2025-12-03 08:41:38,b7852a64-6831-4ec0-b515-cf233571cd35,www.giroudon.fr,https://www.giroudon.fr/prod-d-odoubleur-stenner-vhm36-9gyuzev9j67m90iu17nk.html,"STENNER VHM36 splitter 
",https://www.giroudon.fr/site/img/products/bk_9gYuzEV9J67M90Iu17NK-1-med.jpg,"[""https://www.giroudon.fr/site/img/products/bk_9gYuzEV9J67M90Iu17NK-1-thb.jpg"",""https://www.giroudon.fr/site/img/products/bk_9gYuzEV9J67M90Iu17NK-2-thb.jpg"",""https://www.giroudon.fr/site/img/products/bk_9gYuzEV9J67M90Iu17NK-3-thb.jpg"",""https://www.giroudon.fr/site/img/products/bk_9gYuzEV9J67M90Iu17NK-4-thb.jpg"",""https://www.giroudon.fr/site/img/products/bk_9gYuzEV9J67M90Iu17NK-5-thb.jpg"",""https://www.giroudon.fr/site/img/products/bk_9gYuzEV9J67M90Iu17NK-6-thb.jpg"",""https://www.giroudon.fr/site/img/products/bk_9gYuzEV9J67M90Iu17NK-7-thb.jpg"",""https://www.giroudon.fr/site/img/products/bk_9gYuzEV9J67M90Iu17NK-8-thb.jpg""]",,,,sku_price,,,1,"[{""catId"":600729,""catPath"":""Machine tools and equipment => Machine Tools => Woodworking Machinery"",""catUrl"":""https://vtyler.alibaba.com/vtyler/index.htm?categoryId=600729""}]","{""keywords"":{""3"":""18 kW motor"",""1"":""woodworking machine"",""2"":""adjustable blade settings""},""keywords_english"":{""3"":""18 kW motor"",""1"":""woodworking machine"",""2"":""adjustable blade settings""}}",324,"The product is a second-hand woodworking machine specifically designed for carpentry tasks, such as planing and crating. It features a robust design with a large flywheel and adjustable blade settings to accommodate various cutting needs. The machine is equipped with a powerful 18 kW motor, allowing for efficient operation at variable speeds ranging from 10 to 45 m/min. Suitable for cutting angles between 0 and 45 degrees, this tool is ideal for creating precise and clean lines in wood. Additionally, a small pit is required for the installation of this machine, ensuring a stable and secure setup during use. 
",COMPLETE,,,,1,307360
6800,2025-12-03 08:42:08,2025-12-03 08:41:53,b7852a64-6831-4ec0-b515-cf233571cd35,www.giroudon.fr,https://www.giroudon.fr/prod-machines-pvc-d-occasion-luarhzz4h6i9f1opdsbm.html,"Second-hand PVC machines 
",https://www.giroudon.fr/site/img/products/bk_LUARhZz4h6I9F1oPDSbM-1-med.jpg,,,,,sku_price,,,1,"[{""catId"":601093,""catPath"":""Machine tools and equipment => Machine tools and equipment (Other)"",""catUrl"":""https://vtyler.alibaba.com/vtyler/index.htm?categoryId=601093""}]","{""keywords"":{""3"":""Aluminum processing equipment"",""1"":""PVC machines"",""2"":""Used machining centers""},""keywords_english"":{""3"":""Aluminum processing equipment"",""1"":""PVC machines"",""2"":""Used machining centers""}}",324,"GIROUDON sells used ALU and PVC machines for the manufacture of joinery, gates, verandas, pergolas. The stock is renewed quite quickly in this category, which allows us to regularly offer new aluminum and PVC machines. 
 These used machines can be sold as they are or completely overhauled in our workshop (electricity, mechanics, pneumatics, paint), depending on your needs. 
 The vast majority of machines presented in this section are in stock. Customers can come on site to discover and find the machine or machines they are looking for. 
 Follow the categories listed below to access full descriptions of our used machines. 
 PVC machining centers 
 Drainers 
 Deburring machines 
 Welders 
",COMPLETE,,,,1,307340
6802,2025-12-03 08:42:06,2025-12-03 08:41:57,b7852a64-6831-4ec0-b515-cf233571cd35,www.giroudon.fr,https://www.giroudon.fr/prod-meber-long-belt-sander-3-m-i86ejuq3digz2x5ooqm8.html,"MEBER long belt sander 3 m 
",https://www.giroudon.fr/site/img/products/bk_i86ejuQ3Digz2x5ooqm8-1-med.jpg,"[""https://www.giroudon.fr/site/img/products/bk_i86ejuQ3Digz2x5ooqm8-1-thb.jpg""]",,,,sku_price,,,1,"[{""catId"":600985,""catPath"":""Machine tools and equipment => Grinding Machines => Belt Grinding Machines"",""catUrl"":""https://vtyler.alibaba.com/vtyler/index.htm?categoryId=600985""}]","{""keywords_english"":{""3"":""3 m"",""2"":""long belt sander"",""1"":""MEBER""},""keywords"":{""3"":""3 m"",""2"":""long belt sander"",""1"":""MEBER""}}",324,"MEBER 3 m long belt sander available from your retailer. (...) 
 Tags : #sander#belt#meber#machine#wood 
 URL : https://www.giroudon.fr/prod-meber-long-belt-sander-3-m-i86ejuq3digz2x5ooqm8.html 
 PartagerFacebookTwitter 
 Article available! 
 Information and quotation 
 Interested in this product ? 
 Ask for a free estimate 
 Product in my quote 
 Average response time: 5 days. If urgent: specify it in the quote form. 
",COMPLETE,,,,1,307269
6803,2025-12-03 08:42:06,2025-12-03 08:41:59,b7852a64-6831-4ec0-b515-cf233571cd35,www.giroudon.fr,https://www.giroudon.fr/prod-rim-assembly-bench-0gudsnyd13wl62b18gdn.html,"RIM assembly bench 
",https://www.giroudon.fr/site/img/products/bk_0GUdSNYd13wl62b18GdN-1-med.jpg,"[""https://www.giroudon.fr/site/img/products/bk_0GUdSNYd13wl62b18GdN-1-thb.jpg"",""https://www.giroudon.fr/site/img/products/bk_0GUdSNYd13wl62b18GdN-2-thb.jpg"",""https://www.giroudon.fr/site/img/products/bk_0GUdSNYd13wl62b18GdN-3-thb.jpg""]",,,,sku_price,,,1,"[{""catId"":612404,""catPath"":""Furniture and contract furnishing => Custom Furnishings => Workshop Equipment => Workbenches"",""catUrl"":""https://vtyler.alibaba.com/vtyler/index.htm?categoryId=612404""}]","{""keywords_english"":{""3"":""framing table"",""2"":""RIM 5000 SF"",""1"":""RIM assembly bench""},""keywords"":{""3"":""framing table"",""2"":""RIM 5000 SF"",""1"":""RIM assembly bench""}}",324,"a handy little assembly bench; see the video for a demonstration 
 Assembly table RIM 5000 SF 
 9078 
 framing table reconditioned by our workshop; fully operational. 
",COMPLETE,,,,1,307293
6806,2025-12-03 08:42:15,2025-12-03 08:42:06,b7852a64-6831-4ec0-b515-cf233571cd35,www.giroudon.fr,https://www.giroudon.fr/prod-band-saws-6h1k8epsfurlq0n98r3b.html,"KASTO Micut E 2.6 band saw 
",https://www.giroudon.fr/site/img/marques/KASTO-LOGO.jpg,,,,,sku_price,,,1,"[{""catId"":600885,""catPath"":""Machine tools and equipment => Sawing Machines => Band Saw Machines"",""catUrl"":""https://vtyler.alibaba.com/vtyler/index.htm?categoryId=600885""}]","{""keywords_english"":{""3"":""low-vibration cutting"",""2"":""universal cutting saw"",""1"":""semi-automatic band saw""},""keywords"":{""3"":""low-vibration cutting"",""2"":""universal cutting saw"",""1"":""semi-automatic band saw""}}",324,"The KASTO Micut E2.6 band saw is a semi-automatic universal band saw for cutting to length straight and miter cuts in tubes, profiles and solids. The welded, dimensionally stable frame and cast-iron saw head ensure precise, low-vibration cutting. At the end of the stroke, the band is slightly tilted to reduce the formation of burrs. Clamping is by means of a quick-release lever to clamp both the workpiece and the guide. 
",COMPLETE,,,,1,307128
6807,2025-12-03 08:42:15,2025-12-03 08:42:07,b7852a64-6831-4ec0-b515-cf233571cd35,www.giroudon.fr,https://www.giroudon.fr/prod-end-milling-fom-mistral-26a-958rdbbpw6w1xe6eml38.html,"End milling FOM MISTRAL 26A 
",https://www.giroudon.fr/site/img/products/bk_958RDBbPW6w1XE6EML38-1-med.jpg,"[""https://www.giroudon.fr/site/img/products/bk_958RDBbPW6w1XE6EML38-1-thb.jpg"",""https://www.giroudon.fr/site/img/products/bk_958RDBbPW6w1XE6EML38-2-thb.jpg"",""https://www.giroudon.fr/site/img/products/bk_958RDBbPW6w1XE6EML38-3-thb.jpg""]",,,,sku_price,,,1,"[{""catId"":614765,""catPath"":""Tools and production supplies => Milling Tools => Milling Tools (Other)"",""catUrl"":""https://vtyler.alibaba.com/vtyler/index.htm?categoryId=614765""}]","{""keywords_english"":{""3"":""Giroudon"",""2"":""FOM MISTRAL 26A"",""1"":""milling machine""},""keywords"":{""3"":""Giroudon"",""2"":""FOM MISTRAL 26A"",""1"":""milling machine""}}",324,"Revised FOM MISTRAL 26 A end milling available from Giroudon. Information and quotation. Average response time: 5 days. If urgent: specify it in the quote form. 
",COMPLETE,,,,1,307201
6808,2025-12-03 08:42:22,2025-12-03 08:42:15,b7852a64-6831-4ec0-b515-cf233571cd35,www.giroudon.fr,https://www.giroudon.fr/prod-scies-a-ruban-6h1k8epsfurlq0n98r3b.html,"KASTO Micut E 26 
",https://www.giroudon.fr/site/img/marques/KASTO-LOGO.jpg,,,,,sku_price,,,1,"[{""catId"":600885,""catPath"":""Machine tools and equipment => Sawing Machines => Band Saw Machines"",""catUrl"":""https://vtyler.alibaba.com/vtyler/index.htm?categoryId=600885""}]","{""keywords"":{""3"":""low-vibration cutting"",""1"":""KASTO Micut E2.6 band saw"",""2"":""semi-automatic universal band saw""},""keywords_english"":{""3"":""low-vibration cutting"",""1"":""KASTO Micut E2.6 band saw"",""2"":""semi-automatic universal band saw""}}",324,"The KASTO Micut E2.6 band saw is a semi-automatic universal band saw for cutting to length straight and miter cuts in tubes, profiles and solids. The welded, dimensionally stable frame and cast-iron saw head ensure precise, low-vibration cutting. At the end of the stroke, the band is slightly tilted to reduce the formation of burrs. Clamping is by means of a quick-release lever to clamp both the workpiece and the guide. 
",COMPLETE,,,,1,307397
6810,2025-12-03 08:42:30,2025-12-03 08:42:23,b7852a64-6831-4ec0-b515-cf233571cd35,www.giroudon.fr,https://www.giroudon.fr/prod-double-head-saw-emmegi-precision-ts2tu-5-a3uov5sj0z15rea47fqn.html,"Double head sawing machine EMMEGI PRECISION TS2TU/5 
",https://www.giroudon.fr/site/img/products/bk_a3uOv5sj0z15ReA47FqN-1-med.jpg,"[""https://www.giroudon.fr/site/img/products/bk_a3uOv5sj0z15ReA47FqN-1-thb.jpg"",""https://www.giroudon.fr/site/img/products/bk_a3uOv5sj0z15ReA47FqN-2-thb.jpg"",""https://www.giroudon.fr/site/img/products/bk_a3uOv5sj0z15ReA47FqN-3-thb.jpg""]",,,,sku_price,,,1,"[{""catId"":600878,""catPath"":""Machine tools and equipment => Sawing Machines => Circular Saws"",""catUrl"":""https://vtyler.alibaba.com/vtyler/index.htm?categoryId=600878""}]","{""keywords"":{""3"":""CNC-gesteuert"",""1"":""Doppelkopf-Sägemaschine"",""2"":""Aluminiumschneidemaschine""},""keywords_english"":{""3"":""CNC controlled"",""1"":""Double head sawing machine"",""2"":""Aluminum cutting machine""}}",324,"Double aluminum cutting machine with 550 mm diameter blades, CNC controlled, EISMO brand, available at Giroudon. EMMEGI is the recognized leader in cutting and machining solutions for profiles. 
",COMPLETE,,,,1,307382
6811,2025-12-03 08:42:31,2025-12-03 08:42:24,b7852a64-6831-4ec0-b515-cf233571cd35,www.giroudon.fr,https://www.giroudon.fr/prod-double-head-saw-eismo-start-magic-new-9hb177pjxn9wiwxi3j13.html,"EISMO aluminum 2-head saw 
",https://www.giroudon.fr/site/img/products/bk_9HB177pjXn9wiwxI3j13-1-med.jpg,"[""https://www.giroudon.fr/site/img/products/bk_9HB177pjXn9wiwxI3j13-1-thb.jpg"",""https://www.giroudon.fr/site/img/products/bk_9HB177pjXn9wiwxI3j13-2-thb.jpg"",""https://www.giroudon.fr/site/img/products/bk_9HB177pjXn9wiwxI3j13-3-thb.jpg"",""https://www.giroudon.fr/site/img/products/bk_9HB177pjXn9wiwxI3j13-4-thb.jpg"",""https://www.giroudon.fr/site/img/products/bk_9HB177pjXn9wiwxI3j13-5-thb.jpg"",""https://www.giroudon.fr/site/img/products/bk_9HB177pjXn9wiwxI3j13-6-thb.jpg"",""https://www.giroudon.fr/site/img/products/bk_9HB177pjXn9wiwxI3j13-7-thb.jpg"",""https://www.giroudon.fr/site/img/products/bk_9HB177pjXn9wiwxI3j13-9-thb.jpg""]",,,,sku_price,,,1,"[{""catId"":600878,""catPath"":""Machine tools and equipment => Sawing Machines => Circular Saws"",""catUrl"":""https://vtyler.alibaba.com/vtyler/index.htm?categoryId=600878""}]","{""keywords_english"":{""3"":""extra length saw"",""2"":""automatic double saw"",""1"":""EISMO aluminum 2-head saw""},""keywords"":{""3"":""scie longueur supplémentaire"",""2"":""scie double automatique"",""1"":""EISMO aluminium 2-tête scie""}}",324,"EISMO aluminum 2-head saw with interesting options like automatic cutting and extra length. This double saw has just been revised. 
",COMPLETE,,,,1,307322
6812,2025-12-03 08:42:40,2025-12-03 08:42:24,b7852a64-6831-4ec0-b515-cf233571cd35,www.giroudon.fr,https://www.giroudon.fr/prod-scies-doubles-t-otes-25gi25kssi9s4zzo80b7.html,"TRONCONNEUSE DOUBLE FOM Type BLITZ ALVA 500A 
",https://www.giroudon.fr/site/img/marques/FOMINDUSTRIE.jpg,,,,,sku_price,,,1,"[{""catId"":600878,""catPath"":""Machine tools and equipment => Sawing Machines => Circular Saws"",""catUrl"":""https://vtyler.alibaba.com/vtyler/index.htm?categoryId=600878""}]","{""keywords"":{""3"":""scie à double tête"",""1"":""tronconneuse double"",""2"":""FOM BLITZ ALVA 500A""},""keywords_english"":{""3"":""double head saw"",""1"":""double saw"",""2"":""FOM BLITZ ALVA 500A""}}",324,"Double head saw COMALL MACH 400 
 Two-headed pendulum blade saw with Ø400 mm blades with motorized movement of the mobile head, manual tilting and rotation of the heads. 
 OMC double saw LINCE 550/S 
 OMC is an Italian manufacturer of aluminium machinery. This double crosscut saw with its 550 mm diam. blades has the particularity of having a greater internal inclination than the classic double saws usually offer. The LINCE 550/S can go up to 135° internal. 
 Double head saw FOM BLITZ ALVA 550 
 Second hand FOM BLITZ ALVA double saw. It can cut large-section aluminum profiles since it has 550 mm diameter blades. 
 Double head saw EISMO START MAGIC NEW 
 EISMO aluminum 2-head saw with interesting options like automatic cutting and extra length. This double saw has just been revised. 
 Double head saw YILMAZ with blades 550 
 YILMAZ double saw with 550 diameter blades. This brand is not very well known in France, yet it has been manufacturing equipment for PVC and aluminum since 1977. 
 TRONCONNEUSE DOUBLE FOM Type BLITZ ALVA 500A 
 FOM BA 500 A double saw, classic model from FOM with 500 mm blades and a 5 m opening. 
 Double cutter LGF GAMMA 
 Classic double saw with 5 m opening and 500 mm blades. 
 Double saw FOM BLITZ ALVA 500 M FOX 
 FOM BLITZ ALVA 500 M FOX double aluminium plough, same characteristics as a BLITZ ALVA 500 A available from Giroudon 
",COMPLETE,,,,1,307472
6821,2025-12-03 08:43:19,2025-12-03 08:43:11,b7852a64-6831-4ec0-b515-cf233571cd35,www.giroudon.fr,https://www.giroudon.fr/prod-centre-d-usinage-emmegi-phantomatic-t4-90y8g8oaf0i8jq87n1oi.html,"Centre d usinage EMMEGI PHANTOMATIC T4 
",https://www.giroudon.fr/site/img/products/bk_90y8g8oaf0I8Jq87n1oI-1-med.jpg,"[""https://www.giroudon.fr/site/img/products/bk_90y8g8oaf0I8Jq87n1oI-1-thb.jpg"",""https://www.giroudon.fr/site/img/products/bk_90y8g8oaf0I8Jq87n1oI-2-thb.jpg"",""https://www.giroudon.fr/site/img/products/bk_90y8g8oaf0I8Jq87n1oI-3-thb.jpg"",""https://www.giroudon.fr/site/img/products/bk_90y8g8oaf0I8Jq87n1oI-4-thb.jpg""]",,,,sku_price,,,1,"[{""catId"":600722,""catPath"":""Machine tools and equipment => CNC Machines => Machining Centers => CNC Machining Centres (Other)"",""catUrl"":""https://vtyler.alibaba.com/vtyler/index.htm?categoryId=600722""}]","{""keywords_english"":{""3"":""EMMEGI machining centre"",""2"":""3-axis machining centre"",""1"":""Aluminium machining centre""},""keywords"":{""3"":""Centre d usinage EMMEGI"",""2"":""Centre d usinage 3 axes"",""1"":""Centre d usinage aluminium""}}",324,"EMMEGI PHANTOMATIC T4 3-axis aluminium machining centre 
 
 
 3-axis machining centre
can work aluminium and steel profiles on 3 sides. 
 
 
 1 angular head. 
 
 
 The maximum profile cross-section is approximately 285 mm wide and 195 mm high and, when machining on 3 sides with a double angular head, approximately 170 mm wide and 150 mm high. 
 
 
 The machine is equipped with 4 clamping elements and can also machine two workpieces at the same time thanks to the right-hand material stop. 
 
 
 The machine also has a manual control element. 
 
 
 The tool changer is positioned on the right and can accommodate 4 tools. 
 
 
",COMPLETE,,,,1,307284
6822,2025-12-03 08:43:28,2025-12-03 08:43:22,b7852a64-6831-4ec0-b515-cf233571cd35,www.giroudon.fr,https://www.giroudon.fr/prod-second-hand-alu-machines-e07ew45qp1562fdib32h.html,"Second-hand ALU machines 
",https://www.giroudon.fr/site/img/products/bk_E07eW45qP1562fdib32h-1-med.jpg,,,,,sku_price,,,1,"[{""catId"":600703,""catPath"":""Machine tools and equipment => Machine Tools => Machine Tools (Other)"",""catUrl"":""https://vtyler.alibaba.com/vtyler/index.htm?categoryId=600703""}]","{""keywords"":{""3"":""GIROUDON"",""1"":""machines d'occasion ALU"",""2"":""machines de menuiserie PVC""},""keywords_english"":{""3"":""GIROUDON"",""1"":""second-hand ALU machines"",""2"":""PVC woodworking machines""}}",324,"GIROUDON sells second-hand ALU and PVC machines for the manufacture of carpentry, gates, verandas, pergolas: … 5000 m2 of stock are reserved for the exhibition of our equipment, mainly resulting from the disinvestment of our carpenter customers. 
 These second-hand machines can be sold as they are or completely overhauled in our workshop (electricity, mechanics, pneumatics, painting), according to your needs. They are perfect for a first installation or the replacement of a defective machine. 
 The vast majority of woodworking machines presented in this section are in stock. The latter is visible in our Permanent Exhibition in Roanne. 
 Follow the categories listed below to access full descriptions of our used machines. Do you have a particular need? Do not hesitate to ask us questions or come and visit us. We will be happy to guide you according to your needs. 
",COMPLETE,,,,1,307130
6823,2025-12-03 08:43:29,2025-12-03 08:43:22,b7852a64-6831-4ec0-b515-cf233571cd35,www.giroudon.fr,https://www.giroudon.fr/prod-fan-cattinair-22-kw-aef5bj7wrkymt6eq12o2.html,"FAN CATTINAIR 22 KW 
",https://www.giroudon.fr/site/img/products/bk_aeF5BJ7WrkYmt6eq12o2-1-med.jpg,"[""https://www.giroudon.fr/site/img/products/bk_aeF5BJ7WrkYmt6eq12o2-1-thb.jpg""]",,,,sku_price,,,1,"[{""catId"":608566,""catPath"":""Refrigeration, air conditioning, ventilation and heating technology => Ventilation Technology => Fans => Industrial Fans"",""catUrl"":""https://vtyler.alibaba.com/vtyler/index.htm?categoryId=608566""}]","{""keywords_english"":{""3"":""dust extraction"",""2"":""22 kW fan"",""1"":""FAN CATTINAIR""},""keywords"":{""3"":""dust extraction"",""2"":""22 kW fan"",""1"":""FAN CATTINAIR""}}",324,"The FAN CATTINAIR 22 kW is a second-hand fan designed for dust extraction in woodworking environments. It features a robust belt transmission and is available in various configurations to suit specific needs. Ideal for workshops requiring efficient and reliable dust removal solutions. 
",COMPLETE,,,,1,307134
6824,2025-12-03 08:43:42,2025-12-03 08:43:35,b7852a64-6831-4ec0-b515-cf233571cd35,www.giroudon.fr,https://www.giroudon.fr/apropos.html,"Machines à bois d'occasion 
",https://www.giroudon.fr/site/img/illustration/815185188333281.jpg,"[""https://www.giroudon.fr/site/img/illustration/114681692656944.jpg"",""https://www.giroudon.fr/site/img/illustration/279852827926829.jpg"",""https://www.giroudon.fr/site/img/illustration/282219817583899.jpg""]",,,,sku_price,,,1,"[{""catId"":600708,""catPath"":""Machine tools and equipment => Machine Tools => Woodworking Machinery"",""catUrl"":""https://vtyler.alibaba.com/vtyler/index.htm?categoryId=600708""}]","{""keywords_english"":{""3"":""aluminum machines"",""2"":""industrial planer"",""1"":""used woodworking machines""},""keywords"":{""3"":""machines aluminium"",""2"":""raboteuse industrielle"",""1"":""machines à bois d'occasion""}}",324,"Depuis trois générations, les Ets GIROUDON sont spécialisés dans la vente de machines d'occasion pour le travail du bois. Que vous soyez une entreprise industrielle à la recherche de lignes de presses, de raboteries industrielles ou de lignes de production de portes, ou un artisan à la recherche de machines classiques, nous avons le matériel adapté à vos besoins. Avec notre longue expérience et notre expertise, nous vous proposons une sélection de machines de qualité pour répondre à vos exigences spécifiques. 
 Chez GIROUDON, nous sommes passionnés par le bois et nous comprenons l'importance d'avoir des équipements fiables et performants. Notre inventaire comprend une variété de machines d'occasion soigneusement entretenues et prêtes à être utilisées. Que vous ayez besoin d'une raboteuse, d'un centre d'usinage ou d'une scie à format, nous avons ce qu'il vous faut. 
 Visitez notre site web à l'adresse https://www.giroudon.fr pour découvrir notre gamme complète de machines à bois d'occasion. Contactez-nous dès aujourd'hui pour obtenir des conseils d'experts et trouver la machine qui correspond le mieux à vos besoins. Faites confiance à GIROUDON pour vous fournir des machines de qualité et un service professionnel pour toutes vos activités liées au travail du bois. 
 5000 M2 DE STOCK SONT DESTINÉS À L’EXPOSITION DU MATÉRIEL. 
 Diversification de nos occasions 
 Giroudon SAS, une entreprise renommée dans le domaine des machines à bois, a su se démarquer en diversifiant son offre pour répondre aux besoins de multiples secteurs industriels. Forte de son expertise et de son engagement envers l'innovation, Giroudon SAS ne s'est pas contentée d'offrir uniquement des machines à bois, mais a également élargi sa gamme en se spécialisant dans les machines à aluminium. 
 Reconnaissant l'importance croissante de l'aluminium dans de nombreux secteurs, Giroudon SAS a investi dans la recherche et le développement pour concevoir des machines à la pointe de la technologie, spécifiquement adaptées au travail de l'aluminium. Que ce soit pour la fabrication de pièces d'avions, de fenêtres en aluminium haut de gamme ou de composants pour l'industrie automobile, les machines à aluminium de Giroudon SAS offrent des performances exceptionnelles et une précision inégalée. 
 En élargissant leur portefeuille de produits pour inclure les machines à aluminium, Giroudon SAS a démontré sa volonté de rester à la pointe de l'industrie et de répondre aux besoins spécifiques de ses clients. Leur expertise s'étend désormais à une gamme variée de machines-outils, couvrant non seulement le bois, mais aussi l'aluminium, le PVC et le travail du métal. Cette diversification stratégique leur permet d'offrir des solutions complètes et sur mesure pour les industries les plus exigeantes. 
 Grâce à leur réputation d'excellence et à leur engagement envers la qualité, les machines à aluminium de Giroudon SAS sont devenues un choix de prédilection pour de nombreuses entreprises à la recherche de performances supérieures et de fiabilité. Que ce soit pour des projets de petite ou de grande envergure, Giroudon SAS est en mesure de fournir des machines à la pointe de la technologie, garantissant des résultats exceptionnels et une productivité accrue. 
 En somme, Giroudon SAS a su élargir son champ d'expertise en offrant des machines à aluminium de haute qualité, rejoignant ainsi les rangs des leaders de l'industrie. Leur engagement envers l'innovation et leur capacité à répondre aux exigences spécifiques de chaque secteur font d'eux le partenaire idéal pour tous les fabricants et transformateurs d'aluminium à la recherche de performances optimales et de solutions complètes. 
",COMPLETE,,,,1,307402
6825,2025-12-03 08:43:47,2025-12-03 08:43:40,b7852a64-6831-4ec0-b515-cf233571cd35,www.giroudon.fr,https://www.giroudon.fr/prod-double-head-saw-comall-mach-400-jp7fad0zw4k8n816o9gv.html,"Double head saw COMALL MACH 400 
",https://www.giroudon.fr/site/img/products/bk_JP7FAd0zw4k8N816o9GV-1-med.jpg,"[""https://www.giroudon.fr/site/img/products/bk_JP7FAd0zw4k8N816o9GV-1-thb.jpg"",""https://www.giroudon.fr/site/img/products/bk_JP7FAd0zw4k8N816o9GV-2-thb.jpg"",""https://www.giroudon.fr/site/img/products/bk_JP7FAd0zw4k8N816o9GV-3-thb.jpg""]",,,,sku_price,,,1,"[{""catId"":600878,""catPath"":""Machine tools and equipment => Sawing Machines => Circular Saws"",""catUrl"":""https://vtyler.alibaba.com/vtyler/index.htm?categoryId=600878""}]","{""keywords"":{""3"":""Pendulum blade saw"",""1"":""Double head saw"",""2"":""COMALL MACH 400""},""keywords_english"":{""3"":""Pendulum blade saw"",""1"":""Double head saw"",""2"":""COMALL MACH 400""}}",324,"Two-headed pendulum blade saw with Ø400 mm blades with motorized movement of the mobile head, manual tilting and rotation of the heads. 
",COMPLETE,,,,1,307150
6827,2025-12-03 08:43:58,2025-12-03 08:43:50,b7852a64-6831-4ec0-b515-cf233571cd35,www.giroudon.fr,https://www.giroudon.fr/prod-band-saw-centauro-co800-0vrjqvp90p0e06gr56l2.html,"Band saw CENTAURO CO800 
",https://www.giroudon.fr/site/img/products/bk_0vRJqvP90p0E06Gr56L2-1-med.jpg,"[""https://www.giroudon.fr/site/img/products/bk_0vRJqvP90p0E06Gr56L2-1-thb.jpg""]",,,,sku_price,,,1,"[{""catId"":600885,""catPath"":""Machine tools and equipment => Sawing Machines => Band Saw Machines"",""catUrl"":""https://vtyler.alibaba.com/vtyler/index.htm?categoryId=600885""}]","{""keywords"":{""3"":""scie à ruban seconde main"",""1"":""scie à ruban GUILLET MNG 9046"",""2"":""scie à ruban CENTAURO CO800""},""keywords_english"":{""3"":""second hand band saw"",""1"":""band saw GUILLET MNG 9046"",""2"":""band saw CENTAURO CO800""}}",324,"
 Band saw GUILLET MNG 9046 
 second hand band saw GUILLET with 700 mm wheels. Although it's an older model, this saw offers impeccable reliability and robustness. Our workshop has installed all the safety modules to meet current standards. 
 
",COMPLETE,,,,1,307257
6829,2025-12-03 08:44:29,2025-12-03 08:44:21,b7852a64-6831-4ec0-b515-cf233571cd35,www.giroudon.fr,https://www.giroudon.fr/prod-elumatec-machining-centre-type-sbz-122-31-er8rfwvo2k7n5i88u9be.html,"ELUMATEC machining centre type SBZ 122/31 
",https://www.giroudon.fr/site/img/products/bk_er8rfwVo2K7N5i88u9bE-1-med.jpg,"[""https://www.giroudon.fr/site/img/products/bk_er8rfwVo2K7N5i88u9bE-1-thb.jpg"",""https://www.giroudon.fr/site/img/products/bk_er8rfwVo2K7N5i88u9bE-2-thb.jpg"",""https://www.giroudon.fr/site/img/products/bk_er8rfwVo2K7N5i88u9bE-3-thb.jpg"",""https://www.giroudon.fr/site/img/products/bk_er8rfwVo2K7N5i88u9bE-4-thb.jpg"",""https://www.giroudon.fr/site/img/products/bk_er8rfwVo2K7N5i88u9bE-5-thb.jpg""]",,,,sku_price,,,1,"[{""catId"":600736,""catPath"":""Machine tools and equipment => CNC Machines => Machining Centers => CNC 5-axis Milling Machining Centers"",""catUrl"":""https://vtyler.alibaba.com/vtyler/index.htm?categoryId=600736""}]","{""keywords_english"":{""3"":""automatic vice movement"",""2"":""3-axis machining centre"",""1"":""ELUMATEC SBZ 122/31""},""keywords"":{""3"":""automatic vice movement"",""2"":""3-axis machining centre"",""1"":""ELUMATEC SBZ 122/31""}}",324,"3 axes + angle transmission 
 Can machine on 5 sides: front - rear - right - left - top (with angle transmission) 
 Automatic recognition and movement of vices 
 Automatic, centralised lubrication of linear guides 
 Year 2009 
",COMPLETE,,,,1,307272
6830,2025-12-03 08:44:42,2025-12-03 08:44:35,b7852a64-6831-4ec0-b515-cf233571cd35,www.giroudon.fr,https://www.giroudon.fr/prod-press-brake-shear-combi-3050-6-75-cn-eomaq2zygnvyudb613ie.html,"Press brake shear COMBI 3050-6-75-CN 
",https://www.giroudon.fr/site/img/products/bk_eOMAq2zYGnvYudb613ie-1-med.jpg,"[""https://www.giroudon.fr/site/img/products/bk_eOMAq2zYGnvYudb613ie-1-thb.jpg"",""https://www.giroudon.fr/site/img/products/bk_eOMAq2zYGnvYudb613ie-2-thb.jpg"",""https://www.giroudon.fr/site/img/products/bk_eOMAq2zYGnvYudb613ie-3-thb.jpg"",""https://www.giroudon.fr/site/img/products/bk_eOMAq2zYGnvYudb613ie-4-thb.jpg"",""https://www.giroudon.fr/site/img/products/bk_eOMAq2zYGnvYudb613ie-5-thb.jpg"",""https://www.giroudon.fr/site/img/products/bk_eOMAq2zYGnvYudb613ie-6-thb.jpg"",""https://www.giroudon.fr/site/img/products/bk_eOMAq2zYGnvYudb613ie-7-thb.jpg""]",,,,sku_price,,,1,"[{""catId"":600851,""catPath"":""Machine tools and equipment => Cutting Machines => Sheet Metal Shears"",""catUrl"":""https://vtyler.alibaba.com/vtyler/index.htm?categoryId=600851""}]","{""keywords_english"":{""3"":""COMBI 3050-6-75-CN"",""2"":""shear"",""1"":""press brake""},""keywords"":{""3"":""COMBI 3050-6-75-CN"",""2"":""cisailles"",""1"":""presse-plieuse""}}",324,"Ideal concept that lets you cut and fold with the same equipment; its assets: space-saving, programs with a highly accessible interface, particularly studied ergonomics, extensive feedback... 
",COMPLETE,,,,1,307180
6832,2025-12-03 08:44:58,2025-12-03 08:44:47,b7852a64-6831-4ec0-b515-cf233571cd35,www.giroudon.fr,https://www.giroudon.fr/prod-dust-extraction-abi-cd2liq0usx60di1fopz5.html,"Dust extraction ABI 
",https://www.giroudon.fr/site/img/products/bk_cd2Liq0UsX60Di1Fopz5-1-med.jpg,"[""https://www.giroudon.fr/site/img/products/bk_cd2Liq0UsX60Di1Fopz5-1-thb.jpg""]",,,,sku_price,,,1,"[{""catId"":608595,""catPath"":""Refrigeration, air conditioning, ventilation and heating technology => Ventilation Technology => Extraction Systems => Central Vacuum Systems"",""catUrl"":""https://vtyler.alibaba.com/vtyler/index.htm?categoryId=608595""}]","{""keywords_english"":{""3"":""bag filters"",""2"":""dust extraction"",""1"":""central vacuum unit""},""keywords"":{""3"":""bag filters"",""2"":""dust extraction"",""1"":""central vacuum unit""}}",324,"This very recent central vacuum unit is ideal for vacuuming up your dust and swarf. The polluted air enters a space where, by gravity, the heaviest particles fall into a hopper and are easily discharged by means of an endless screw. The chips are collected in containers, briquetting machines or similar. The finer particles are separated from the air by bag filters, with the filtered air leaving the upper part of the filter. In the upper part of the filter, a vibrator is housed to clean the bags. 
",COMPLETE,,,,1,307095
6833,2025-12-03 08:45:14,2025-12-03 08:45:04,b7852a64-6831-4ec0-b515-cf233571cd35,www.giroudon.fr,https://www.giroudon.fr/accueil.html,"Ponceuse BUTFERING type SGO211 RK 
",https://www.giroudon.fr/site/img/marques/HOMAG.jpg,,,,,sku_price,,,1,"[{""catId"":600708,""catPath"":""Machine tools and equipment => Machine Tools => Woodworking Machinery"",""catUrl"":""https://vtyler.alibaba.com/vtyler/index.htm?categoryId=600708""}]","{""keywords"":{""3"":""machines aluminium d'occasion"",""1"":""ponceuse BUTFERING"",""2"":""machines à bois d'occasion""},""keywords_english"":{""3"":""used aluminum machines"",""1"":""BUTFERING sander"",""2"":""used woodworking machines""}}",324,"VENTE DE MACHINES A BOIS ET MACHINES ALUMINIUM D'OCCASION 
 Giroudon : des solutions performantes pour optimiser votre production 
 En tant que professionnel du bois ou de l'aluminium, vous recherchez des machines performantes, fiables et adaptées ? 
 Chez Giroudon, nous comprenons vos besoins et vous proposons une large gamme de machines d'occasion soigneusement sélectionnées et reconditionnées par nos techniciens experts. 
 En plus de notre grand choix de machines, nous vous proposons également un service complet pour répondre à tous vos besoins comme par exemple un service de livraison et d'installation sur mesure. 
 Nos grandes catégories de machines 
 Machines à bois d occasion 
 GIROUDON vend des machines à bois neuves et d’occasion à destination des entreprises de 1 ère et 2 ème transformation : 5000 m2 de stock sont réservés à l’exposition de notre matériel. 
 Machines ALU d occasion 
 GIROUDON vend des machines ALUMINIUM d'occasion pour la fabrication de menuiseries, portails, vérandas, pergolas et autres. Le stock se renouvelle assez rapidement dans cette catégorie ce qui permet de proposer régulièrement de nouvelles machines aluminium. 
 Machines PVC d’occasion 
 GIROUDON vend également des machines PVC d'occasion. Si GIROUDON n'a pas la machine dont vous avez besoin elle peut vous la trouver dans ses connaissances. 
 Machines métal d’occasion 
 GIROUDON vend des machines à métaux d’occasion. C'est une catégorie de machines que GIROUDON a toujours vendue : tours, cisailles, presses.... 
 Divers matériel d’occasion 
 Vous trouverez chez GIROUDON plusieurs matériels annexes comme des compresseurs, affuteuses, aspirateurs etc 
 Le coin du particulier 
 GIROUDON vend quelques machines pour les particuliers : combinées, perceuses à colonne, aspirateurs 1 sac...Vous trouverez chez GIROUDON plusieurs marques connues des particuliers comme LUREM, ROBLAND, LEMAN... 
",COMPLETE,,,,1,307364
6835,2025-12-03 08:46:01,2025-12-03 08:45:54,b7852a64-6831-4ec0-b515-cf233571cd35,www.giroudon.fr,https://www.giroudon.fr/prod-band-saw-centauro-co-700-new-07u051hgwypk9f19aqo2.html,"Band saw CENTAURO CO 700 NEW 
",https://www.giroudon.fr/site/img/products/bk_07u051HgWYpK9f19aqO2-1-med.jpg,"[""https://www.giroudon.fr/site/img/products/bk_07u051HgWYpK9f19aqO2-1-thb.jpg"",""https://www.giroudon.fr/site/img/products/bk_07u051HgWYpK9f19aqO2-2-thb.jpg"",""https://www.giroudon.fr/site/img/products/bk_07u051HgWYpK9f19aqO2-3-thb.jpg"",""https://www.giroudon.fr/site/img/products/bk_07u051HgWYpK9f19aqO2-4-thb.jpg""]",,,,sku_price,,,1,"[{""catId"":600885,""catPath"":""Machine tools and equipment => Sawing Machines => Band Saw Machines"",""catUrl"":""https://vtyler.alibaba.com/vtyler/index.htm?categoryId=600885""}]","{""keywords"":{""3"":""700 new"",""1"":""band saw"",""2"":""CENTAURO CO 700""},""keywords_english"":{""3"":""700 new"",""1"":""band saw"",""2"":""CENTAURO CO 700""}}",324,"Band saw 700 brand CENTAURO new available immediately at Giroudon. (...) Read the full description 
",COMPLETE,,,,1,307255
6836,2025-12-03 08:46:55,2025-12-03 08:46:47,b7852a64-6831-4ec0-b515-cf233571cd35,www.giroudon.fr,https://www.giroudon.fr/prod-fom-machining-centre-type-argo-35-rm-zzkf08nhklen4y84d2hs.html,"FOM machining centre type ARGO 35 RM 
",https://www.giroudon.fr/site/img/products/bk_zzKf08NHKLEN4y84D2hS-1-med.jpg,"[""https://www.giroudon.fr/site/img/products/bk_zzKf08NHKLEN4y84D2hS-1-thb.jpg"",""https://www.giroudon.fr/site/img/products/bk_zzKf08NHKLEN4y84D2hS-2-thb.jpg"",""https://www.giroudon.fr/site/img/products/bk_zzKf08NHKLEN4y84D2hS-3-thb.jpg"",""https://www.giroudon.fr/site/img/products/bk_zzKf08NHKLEN4y84D2hS-4-thb.jpg"",""https://www.giroudon.fr/site/img/products/bk_zzKf08NHKLEN4y84D2hS-5-thb.jpg"",""https://www.giroudon.fr/site/img/products/bk_zzKf08NHKLEN4y84D2hS-6-thb.jpg"",""https://www.giroudon.fr/site/img/products/bk_zzKf08NHKLEN4y84D2hS-7-thb.jpg""]",,,,sku_price,,,1,"[{""catId"":600736,""catPath"":""Machine tools and equipment => CNC Machines => Machining Centers => CNC 5-axis Milling Machining Centers"",""catUrl"":""https://vtyler.alibaba.com/vtyler/index.htm?categoryId=600736""}]","{""keywords"":{""3"":""12000 rpm spindle"",""1"":""FOM machining centre ARGO 35 RM"",""2"":""3550 mm stroke""},""keywords_english"":{""3"":""12000 rpm spindle"",""1"":""FOM machining centre ARGO 35 RM"",""2"":""3550 mm stroke""}}",324,"X axis, 3550 mm stroke 
 Y axis, 1100 mm stroke 
 Z axis, 425 mm stroke 
 Electrospindle rotation: 0°/90°/180° 
 Working capacity: 
 X-axis = 3500 mm 
 Y-axis = 540 mm with electro-spindle in 90° vertical position 
 Y-axis = 460 mm with electro-spindle in 0° or 180° horizontal position 
 Z-axis = 300 mm with electro-spindle in 90° vertical position 
 Z-axis = 250 mm with electro-spindle in 0° or 180° horizontal position 
 Spindle: ISO 30 - power: 4 kW 
 Rotational speed: 12000 rpm 
 Tool magazine 
 Second-hand machine to CE standards 
 Year 2003 
",COMPLETE,,,,1,307277
6837,2025-12-03 08:47:35,2025-12-03 08:47:28,b7852a64-6831-4ec0-b515-cf233571cd35,www.giroudon.fr,https://www.giroudon.fr/prod-massicot-savi-t9yr7yesndkl9b0u2hjc.html,"SAVI Paper Cutter 
",https://www.giroudon.fr/site/img/products/bk_T9YR7YesnDkL9b0U2hJC-1-med.jpg,"[""https://www.giroudon.fr/site/img/products/bk_T9YR7YesnDkL9b0U2hJC-1-thb.jpg""]",,,,sku_price,,,1,"[{""catId"":600863,""catPath"":""Machine tools and equipment => Cutting Machines => Paper Cutting Machines"",""catUrl"":""https://vtyler.alibaba.com/vtyler/index.htm?categoryId=600863""}]","{""keywords"":{""3"":""Electric Rear Guide"",""1"":""SAVI Paper Cutter"",""2"":""2600 mm Capacity""},""keywords_english"":{""3"":""Electric Rear Guide"",""1"":""SAVI Paper Cutter"",""2"":""2600 mm Capacity""}}",324,"SAVI paper cutter, capacity lg 2600 mm, cutting height: 60 mm - Electric rear guide, Parallel guide setback: 800 mm – Engine: 5 HP available Rhone Alpes. 
",COMPLETE,,,,1,307216